model_type,library,optimizer,with_lambda,dof,dof_name,n_terms,threshold,mse_train,mse_val,mse_test,r2_test,ate,equation
SINDy,Full,STLSQ,False,0,xddot,15,0.016681,1.5222925528587295e-09,0.002183929347166674,0.0030872265348134116,0.6481467074492557,0.44318628710121233,-79110.217 thetaddot + -0.448 x thetaddot +  79108.424 y thetaddot +  0.232 theta thetaddot + -0.355 xdot thetaddot +  0.011 ydot thetaddot +  0.421 thetadot thetaddot +  0.017 thetaddot^2 + -1.179 cos(theta) + -0.010 sin(theta) thetadot +  0.314 sin(theta) thetaddot +  1.077 cos(theta) x +  2.511 cos(theta) theta +  0.342 cos(theta) xdot +  0.595 cos(theta) thetadot
SINDy,Full,STLSQ,False,1,yddot,3,0.215443,0.1671793835649791,1.8093773830960762,2.1683336142206526,-4.742460175804383,0.2703273052357307, 0.820 ydot xddot +  0.731 ydot thetaddot +  0.559 sin(theta) ydot
SINDy,Full,STLSQ,False,2,thetaddot,13,0.046416,4.7702967001501094e-08,0.16189995378485203,0.20564347816164544,-12.848115868117368,2.4306220671093337,-1.155 xddot +  1.592 x xddot +  0.007 y xdot + -0.444 y xddot +  1.926 theta xddot +  1.083 xdot xddot +  0.783 thetadot xddot + -8.218 cos(theta) + -0.191 sin(theta) xddot +  10.256 cos(theta) x +  18.540 cos(theta) theta + -0.811 cos(theta) xdot + -0.415 cos(theta) thetadot
SINDy,Full,SR3_L1,False,0,xddot,45,0.001585,1.7303163569229792e-06,0.010987951554284553,0.0751502981571338,-7.564930219594583,0.4531881478436498,-0.048 x +  0.016 y +  0.012 xdot + -0.014 ydot +  1.052 yddot + -0.456 thetaddot + -0.103 x xdot + -0.153 x thetadot + -0.026 x yddot +  0.015 y thetadot +  0.021 y yddot + -0.456 y thetaddot + -0.025 theta^2 +  0.099 theta xdot +  0.136 theta ydot +  0.032 theta thetadot +  0.946 theta yddot + -0.014 theta thetaddot +  0.132 xdot^2 +  0.012 xdot ydot +  0.031 xdot thetadot +  0.004 xdot thetaddot + -0.010 ydot thetadot +  0.100 ydot yddot + -0.072 thetadot^2 + -0.052 thetadot yddot + -0.004 thetadot thetaddot +  2.725 yddot^2 +  0.099 sin(theta) +  0.021 cos(theta) + -0.137 sin(theta) x +  0.001 sin(theta) y + -0.196 sin(theta) theta + -0.084 sin(theta) xdot + -0.056 sin(theta) ydot + -0.082 sin(theta) thetadot +  0.567 sin(theta) yddot + -0.071 cos(theta) x +  0.001 cos(theta) y + -0.096 cos(theta) theta + -0.085 cos(theta) xdot + -0.042 cos(theta) ydot + -0.048 cos(theta) thetadot + -0.211 cos(theta) yddot +  0.005 cos(theta) thetaddot
SINDy,Full,SR3_L1,False,1,yddot,61,31.622777,753.1306433190208,1.525366360556486e+17,2.7197591863756432e+17,-7.202816353125512e+17,79176214.46719426,-39625289.070 1 +  21550445.550 x +  31515631.127 y + -115623328.053 theta +  32143454.880 xdot +  113786911.801 ydot +  53673561.863 thetadot + -1250176511.573 xddot +  3214922895.660 thetaddot + -6658887.872 x^2 + -14105146.806 x y + -45464047.123 x theta +  31899899.989 x xdot + -5650776.992 x ydot +  31180380.324 x thetadot + -174649566.803 x xddot + -302271472.594 x thetaddot + -28030799.672 y theta +  19465045.685 y xdot +  17088673.423 y thetadot +  61051675.225 y xddot + -4283138886.522 y thetaddot +  87753707.464 theta^2 +  39418879.881 theta xdot + -111634689.456 theta ydot +  25164173.300 theta thetadot +  528097492.513 theta xddot +  309519144.101 theta thetaddot + -73086531.555 xdot^2 + -9147908.062 xdot ydot + -196083716.018 xdot thetadot + -824913611.106 xdot xddot + -824450005.559 xdot thetaddot +  11.808 ydot^2 + -12856647.636 ydot thetadot +  8728779.236 ydot xddot +  7329969.543 ydot thetaddot + -127289659.212 thetadot^2 +  692750721.254 thetadot xddot +  674353204.562 thetadot thetaddot + -433144117.420 xddot^2 + -105046299.825 xddot thetaddot +  329310216.452 thetaddot^2 + -81644712.112 sin(theta) +  76296236.983 cos(theta) +  97223363.933 sin(theta) x + -4646173.060 sin(theta) y +  149175579.953 sin(theta) theta + -81535.817 sin(theta) xdot + -7386582.935 sin(theta) ydot + -1724770.142 sin(theta) thetadot +  137077572.052 sin(theta) xddot +  137910897.297 sin(theta) thetaddot + -94290629.334 cos(theta) x + -20068759.202 cos(theta) y + -147667020.552 cos(theta) theta + -25294050.327 cos(theta) xdot + -4091209.148 cos(theta) ydot + -24593860.022 cos(theta) thetadot +  6990825.953 cos(theta) xddot +  9715557.760 cos(theta) thetaddot
SINDy,Full,SR3_L1,False,2,thetaddot,3,0.016681,0.008657539785145461,0.11475007702136725,0.1535704502979316,-9.341496888965573,2.440700988610082,-0.798 xddot +  0.034 xdot xddot + -0.025 thetadot xddot
SINDy,Full,LASSO,False,0,xddot,17,0.000251,2.429990998733221e-08,0.0027044897250621037,0.007291131579770797,0.1690248111585,0.4441843945496848,-0.000496 x +0.000029 theta +0.005878 yddot -0.880987 thetaddot +0.005516 x^2 +0.002529 x ydot -0.025805 x yddot +0.000374 theta^2 -0.030047 xdot yddot +0.018979 xdot thetaddot -0.003686 ydot thetadot -0.000043 ydot thetaddot +0.010742 thetadot yddot -0.004799 thetadot thetaddot +0.003106 cos(theta) -0.051030 cos(theta) xdot +0.004385 cos(theta) thetadot
SINDy,Full,LASSO,False,1,yddot,0,1.0,0.23862021056058919,0.24647519412871835,0.3990677673287227,-0.056862627735456917,0.2786098772390837,0
SINDy,Full,LASSO,False,2,thetaddot,5,0.027826,0.0007295465431779255,0.12852819029669235,0.16827100607242448,-10.331438323095956,2.431249741568009,-0.905896 xddot +0.020704 x xddot +0.058924 y xdot -0.002579 theta xddot -0.010766 thetadot xddot
SINDy,Full,Ridge,False,0,xddot,62,0.077426,5.286687238159081e-09,0.000995220313418845,0.06389329104694312,-6.281961518942651,0.440404438534933,-0.001939 x -0.003045 y +0.003246 theta +0.000821 xdot -0.001874 ydot -0.006446 thetadot +0.003570 yddot -0.093167 thetaddot +0.004763 x^2 -0.009313 x y -0.004021 x theta +0.021600 x xdot +0.013806 x ydot -0.019605 x thetadot -0.040309 x yddot +0.067714 x thetaddot +0.001278 y^2 +0.005341 y theta -0.031109 y xdot -0.001865 y ydot +0.024208 y thetadot -0.005525 y yddot -0.093167 y thetaddot +0.004229 theta^2 -0.015757 theta xdot -0.002657 theta ydot +0.012532 theta thetadot +0.008450 theta yddot -0.075910 theta thetaddot -0.005165 xdot^2 -0.002501 xdot ydot +0.012244 xdot thetadot -0.011334 xdot yddot +0.101091 xdot thetaddot +0.002861 ydot^2 -0.028156 ydot thetadot +0.006871 ydot yddot -0.040648 ydot thetaddot -0.020462 thetadot^2 +0.007494 thetadot yddot -0.112440 thetadot thetaddot -0.003780 yddot^2 -0.000058 yddot thetaddot +0.036746 thetaddot^2 +0.016952 sin(theta) +0.045462 cos(theta) +0.022416 sin(theta) x -0.002287 sin(theta) y -0.007195 sin(theta) theta -0.016599 sin(theta) xdot -0.006858 sin(theta) ydot +0.020757 sin(theta) thetadot -0.011141 sin(theta) yddot +0.057772 sin(theta) thetaddot -0.054302 cos(theta) x +0.014554 cos(theta) y +0.049699 cos(theta) theta -0.078116 cos(theta) xdot -0.024186 cos(theta) ydot +0.083988 cos(theta) thetadot -0.005750 cos(theta) yddot -0.004643 cos(theta) thetaddot
SINDy,Full,Ridge,False,1,yddot,62,31.622777,0.0018679601730949603,0.01604863841663844,0.5281373295486665,-0.39868125568811585,0.3640190701386574,-0.065031 x -0.020406 y +0.065274 theta -0.012624 xdot +0.011731 ydot +0.013485 thetadot +0.018113 xddot -0.010015 thetaddot +0.073349 x^2 -0.061219 x y -0.071065 x theta +0.041710 x xdot -0.002982 x ydot -0.041138 x thetadot -0.019725 x xddot +0.019172 x thetaddot -0.012346 y^2 +0.024708 y theta +0.022259 y xdot +0.016428 y ydot -0.019791 y thetadot +0.023456 y xddot -0.010015 y thetaddot +0.069904 theta^2 -0.032842 theta xdot +0.011717 theta ydot +0.032684 theta thetadot +0.019194 theta xddot -0.016016 theta thetaddot +0.031204 xdot^2 +0.014148 xdot ydot -0.030280 xdot thetadot -0.008576 xdot xddot +0.004939 xdot thetaddot -0.007260 ydot^2 -0.015881 ydot thetadot -0.040182 ydot xddot +0.103526 ydot thetaddot +0.029149 thetadot^2 +0.009626 thetadot xddot -0.006216 thetadot thetaddot -0.028264 xddot^2 +0.027473 xddot thetaddot -0.027473 thetaddot^2 -0.015481 sin(theta) +0.055657 cos(theta) -0.054904 sin(theta) x -0.016782 sin(theta) y +0.029789 sin(theta) theta +0.052678 sin(theta) xdot +0.011754 sin(theta) ydot -0.050182 sin(theta) thetadot +0.021749 sin(theta) xddot -0.011767 sin(theta) thetaddot -0.042512 cos(theta) x +0.046323 cos(theta) y +0.048575 cos(theta) theta -0.035789 cos(theta) xdot -0.001341 cos(theta) ydot +0.035426 cos(theta) thetadot -0.022313 cos(theta) xddot +0.014593 cos(theta) thetaddot
SINDy,Full,Ridge,False,2,thetaddot,62,3.162278,6.868784608904392e-06,0.13818057427054592,0.13570324667789724,-8.138312094673228,2.4387937037822005,+0.004218 x +0.003663 y -0.004986 theta -0.001334 xdot +0.000026 ydot +0.001219 thetadot -0.093865 xddot +0.000844 yddot -0.006190 x^2 +0.003015 x y +0.005578 x theta -0.019398 x xdot +0.001491 x ydot +0.019748 x thetadot +0.071180 x xddot +0.025353 x yddot +0.014612 y^2 +0.001581 y theta +0.024942 y xdot +0.005069 y ydot -0.026929 y thetadot -0.086441 y xddot -0.005055 y yddot -0.005608 theta^2 +0.013636 theta xdot -0.000294 theta ydot -0.013880 theta thetadot -0.078917 theta xddot -0.002396 theta yddot +0.015854 xdot^2 -0.003667 xdot ydot -0.016110 xdot thetadot +0.111018 xdot xddot -0.011766 xdot yddot +0.007851 ydot^2 +0.020319 ydot thetadot -0.069546 ydot xddot +0.004853 ydot yddot +0.016681 thetadot^2 -0.112502 thetadot xddot +0.016104 thetadot yddot -0.036493 xddot^2 -0.010068 xddot yddot -0.000249 yddot^2 -0.011706 sin(theta) -0.042808 cos(theta) -0.026155 sin(theta) x -0.002567 sin(theta) y +0.012021 sin(theta) theta +0.029737 sin(theta) xdot -0.000612 sin(theta) ydot -0.028909 sin(theta) thetadot +0.080171 sin(theta) xddot +0.012157 sin(theta) yddot +0.050965 cos(theta) x -0.023828 cos(theta) y -0.046923 cos(theta) theta +0.079942 cos(theta) xdot +0.024989 cos(theta) ydot -0.080982 cos(theta) thetadot -0.020107 cos(theta) xddot +0.000068 cos(theta) yddot
SINDy,Full,ElasticNet,False,0,xddot,27,0.0001,1.4389849055409726e-08,0.002322112395226567,0.08238307035138014,-8.38925414986582,0.4436542106442852,+0.101847 theta +0.107881 yddot -0.622839 thetaddot +0.004623 x ydot -0.010839 x yddot +0.047018 x thetaddot -0.000078 y thetadot -0.065195 y thetaddot -0.005152 theta thetaddot +0.001102 xdot ydot +0.002183 xdot thetadot -0.001113 xdot yddot +0.064995 xdot thetaddot +0.008079 ydot^2 -0.008467 ydot thetadot -0.003121 ydot thetaddot -0.017916 thetadot^2 +0.003325 thetadot yddot -0.037017 thetadot thetaddot -0.000067 yddot thetaddot +0.035222 sin(theta) x +0.017164 sin(theta) y -0.001849 sin(theta) ydot +0.002582 sin(theta) thetadot -0.099587 sin(theta) yddot -0.060434 cos(theta) xdot +0.027480 cos(theta) thetadot
SINDy,Full,ElasticNet,False,1,yddot,0,3.162278,0.23862021056058919,0.24647519412871835,0.3990677673287227,-0.056862627735456917,0.2786098772390837,0
SINDy,Full,ElasticNet,False,2,thetaddot,25,0.000251,1.0306770256934724e-06,0.14775657378778895,0.17903183871455225,-11.056077191285446,2.434149738937803,-0.008720 thetadot -0.710434 xddot -0.005332 x xdot +0.001416 x thetadot +0.079300 x xddot +0.003559 y^2 +0.000394 y theta +0.030367 y xdot -0.008388 y thetadot -0.010516 y xddot -0.016448 theta xddot +0.001623 xdot ydot +0.116511 xdot xddot -0.009839 xdot yddot -0.030453 ydot xddot +0.000646 ydot yddot -0.018964 thetadot xddot +0.012212 thetadot yddot -0.016787 xddot^2 -0.000332 sin(theta) x +0.041957 sin(theta) xdot +0.002293 cos(theta) x +0.020853 cos(theta) xdot +0.004370 cos(theta) ydot -0.003217 cos(theta) thetadot
SINDy,Full,SR3_L0,False,0,xddot,3,0.129155,0.00944274935224747,0.003385425436530444,0.01289542103688569,-0.4696998420721956,0.4477899724487503, 1.384 yddot +  1.227 theta yddot +  2.482 yddot^2
SINDy,Full,SR3_L0,False,1,yddot,61,0.0001,1.2489586306403454e-07,1.5253777631064573e+17,2.7197693822872003e+17,-7.202843355250871e+17,79176565.60018672,-39626237.753 1 +  21551255.833 x +  31516782.507 y + -115624134.264 theta +  32144214.740 xdot +  113787738.535 ydot +  53674586.486 thetadot + -1250177488.087 xddot +  3214923851.278 thetaddot + -6659669.776 x^2 + -14105841.061 x y + -45465156.485 x theta +  31900846.895 x xdot + -5650719.349 x ydot +  31181401.628 x thetadot + -174650472.611 x xddot + -302272466.360 x thetaddot + -28031685.895 y theta +  19466033.253 y xdot +  17089653.655 y thetadot +  61052760.514 y xddot + -4283139828.271 y thetaddot +  87754815.277 theta^2 +  39419760.693 theta xdot + -111635776.672 theta ydot +  25165105.564 theta thetadot +  528098397.352 theta xddot +  309520131.647 theta thetaddot + -73087215.769 xdot^2 + -9148956.556 xdot ydot + -196084787.064 xdot thetadot + -824914480.541 xdot xddot + -824451026.169 xdot thetaddot +  12.540 ydot^2 + -12857409.144 ydot thetadot +  8729487.154 ydot xddot +  7330417.410 ydot thetaddot + -127290635.165 thetadot^2 +  692751698.878 thetadot xddot +  674354115.123 thetadot thetaddot + -433145361.793 xddot^2 + -105046954.810 xddot thetaddot +  329310871.437 thetaddot^2 + -81645674.632 sin(theta) +  76297101.064 cos(theta) +  97224092.470 sin(theta) x + -4646642.260 sin(theta) y +  149176668.993 sin(theta) theta + -82417.052 sin(theta) xdot + -7387449.150 sin(theta) ydot + -1725618.645 sin(theta) thetadot +  137078438.221 sin(theta) xddot +  137911891.715 sin(theta) thetaddot + -94291426.545 cos(theta) x + -20069408.274 cos(theta) y + -147668090.103 cos(theta) theta + -25294866.319 cos(theta) xdot + -4092421.046 cos(theta) ydot + -24594896.551 cos(theta) thetadot +  6991762.268 cos(theta) xddot +  9716506.861 cos(theta) thetaddot
SINDy,Full,SR3_L0,False,2,thetaddot,1,0.01,0.002315403400424863,0.21119724697196285,0.24223209501108034,-15.312008280921479,2.400194996066982,-1.031 xddot
SINDy,Full+λ,STLSQ,True,0,xddot,9,0.046416,2.753414634077001e-08,0.00199647717450944,0.0028990285496698085,0.6695957588802013,0.44269712808755945,-2012476.701 thetaddot + -0.451 x thetaddot +  2012475.160 y thetaddot +  0.180 xdot thetaddot +  0.941 thetadot thetaddot +  0.333 sin(theta) thetaddot + -0.276 cos(theta) x +  0.621 cos(theta) xdot +  0.878 cos(theta) thetadot
SINDy,Full+λ,STLSQ,True,1,yddot,0,0.359381,0.23862021056058919,0.24647519412871835,0.3990677673287227,-0.056862627735456917,0.2786098772390837, 0.000
SINDy,Full+λ,STLSQ,True,2,thetaddot,6,0.077426,0.00011331696948113998,0.12715544420725325,0.19384662149580154,-12.053710718736617,2.4362980630196716,-1.456 xddot +  0.454 y xddot + -0.113 theta xddot + -0.155 xdot xddot + -0.190 thetadot xddot + -0.156 cos(theta) xdot
SINDy,Full+λ,SR3_L1,True,0,xddot,51,0.000631,2.001970811935938e-07,0.012895880735613388,0.11383450180428828,-11.973795027365309,0.45461400579424477, 0.022 y + -0.029 theta +  0.023 xdot +  0.020 ydot +  0.032 thetadot +  0.984 yddot + -0.459 thetaddot +  0.040 x^2 +  0.002 x y + -0.095 x xdot +  0.004 x ydot + -0.091 x thetadot + -0.039 x yddot + -0.038 x thetaddot +  0.022 y thetadot +  0.013 y yddot + -0.458 y thetaddot + -0.005 theta^2 +  0.076 theta xdot +  0.205 theta ydot +  0.048 theta thetadot +  0.898 theta yddot + -0.083 theta thetaddot +  0.119 xdot^2 +  0.038 xdot ydot +  0.005 xdot thetadot +  0.004 xdot thetaddot + -0.013 ydot thetadot +  0.164 ydot yddot + -0.001 ydot thetaddot + -0.109 thetadot^2 + -0.082 thetadot yddot +  2.799 yddot^2 +  0.035 sin(theta) +  0.012 cos(theta) + -0.068 sin(theta) x + -0.092 sin(theta) theta + -0.113 sin(theta) xdot + -0.123 sin(theta) ydot + -0.112 sin(theta) thetadot +  0.641 sin(theta) yddot + -0.054 cos(theta) x +  0.016 cos(theta) y + -0.085 cos(theta) theta + -0.008 cos(theta) xdot + -0.070 cos(theta) ydot + -0.001 cos(theta) thetadot + -0.366 cos(theta) yddot +  0.001 cos(theta) thetaddot + -0.001 lambda_N +  0.007 lambda_F
SINDy,Full+λ,SR3_L1,True,1,yddot,62,31.622777,1243.5218265631986,8.458521888472704e+16,1.4528537942328474e+17,-3.847634423011546e+17,59187005.20780408, 9311225.940 1 + -58867499.923 x +  2159239.159 y +  37686413.286 theta +  101098823.046 xdot +  43747555.639 ydot +  120838378.160 thetadot + -1402980218.094 xddot +  3017877109.394 thetaddot + -75966181.598 x^2 +  5920463.694 x y +  23270668.983 x theta + -83179249.009 x xdot + -1379732.420 x ydot + -162091707.325 x thetadot + -299364675.544 x xddot + -305172126.047 x thetaddot + -246238.172 y theta +  55127631.346 y xdot +  65617358.551 y thetadot +  95245553.704 y xddot + -4292009664.627 y thetaddot +  32777925.713 theta^2 +  184280187.573 theta xdot + -39622423.606 theta ydot +  76521557.436 theta thetadot +  418780605.522 theta xddot +  429822940.451 theta thetaddot +  143929793.125 xdot^2 + -21013122.417 xdot ydot + -69115312.541 xdot thetadot + -751866695.503 xdot xddot + -804275747.619 xdot thetaddot + -19705178.749 ydot thetadot +  10921886.236 ydot xddot +  9436843.663 ydot thetaddot + -214494522.857 thetadot^2 +  738444246.825 thetadot xddot +  666182606.159 thetadot thetaddot + -167345256.573 xddot^2 + -128662888.710 xddot thetaddot +  39168369.819 thetaddot^2 +  16294141.041 sin(theta) +  76696176.792 cos(theta) +  19804675.824 sin(theta) x + -20580975.517 sin(theta) y +  18415894.375 sin(theta) theta + -83399185.285 sin(theta) xdot +  2431197.469 sin(theta) ydot + -81682229.283 sin(theta) thetadot +  219809483.350 sin(theta) xddot +  220596902.540 sin(theta) thetaddot + -48771458.913 cos(theta) x + -26100741.993 cos(theta) y + -100553516.580 cos(theta) theta + -214958757.561 cos(theta) xdot +  7402546.915 cos(theta) ydot + -213802141.533 cos(theta) thetadot + -69990633.746 cos(theta) xddot + -74383961.592 cos(theta) thetaddot + -3309364.276 lambda_N + -5099860.437 lambda_F
SINDy,Full+λ,SR3_L1,True,2,thetaddot,3,0.016681,0.008860097746855687,0.11380295860337328,0.15342442650492472,-9.331663587062987,2.4412707699670024,-0.788 xddot +  0.036 xdot xddot + -0.031 thetadot xddot
SINDy,Full+λ,LASSO,True,0,xddot,17,0.000251,2.411707472505735e-08,0.0027121254362930665,0.007276905107266522,0.17064621183498585,0.44419934722836074,-0.000466 x +0.000029 theta +0.005759 yddot -0.881484 thetaddot +0.005386 x^2 +0.002529 x ydot -0.025437 x yddot +0.000358 theta^2 -0.030511 xdot yddot +0.019294 xdot thetaddot -0.003454 ydot thetadot -0.000096 ydot thetaddot +0.010834 thetadot yddot -0.004417 thetadot thetaddot +0.003474 cos(theta) -0.050547 cos(theta) xdot +0.004259 cos(theta) thetadot
SINDy,Full+λ,LASSO,True,1,yddot,0,1.0,0.23862021056058919,0.24647519412871835,0.3990677673287227,-0.056862627735456917,0.2786098772390837,0
SINDy,Full+λ,LASSO,True,2,thetaddot,5,0.027826,0.0007295804835438702,0.1285171805215445,0.16826939513104164,-10.331329841644827,2.4312532634695034,-0.905763 xddot +0.020803 x xddot +0.058913 y xdot -0.002570 theta xddot -0.010818 thetadot xddot
SINDy,Full+λ,Ridge,True,0,xddot,64,0.077426,5.8542862720435586e-09,0.001041841229436181,0.05762395902730325,-5.567441515849514,0.44054029244696646,-0.001436 x -0.002847 y +0.002818 theta +0.001117 xdot -0.001997 ydot -0.007902 thetadot +0.003502 yddot -0.092743 thetaddot +0.004704 x^2 -0.008597 x y -0.003863 x theta +0.019744 x xdot +0.013645 x ydot -0.017162 x thetadot -0.038600 x yddot +0.067410 x thetaddot +0.001045 y^2 +0.005054 y theta -0.030791 y xdot -0.001649 y ydot +0.022891 y thetadot -0.005280 y yddot -0.092743 y thetaddot +0.004054 theta^2 -0.014443 theta xdot -0.002730 theta ydot +0.010447 theta thetadot +0.008147 theta yddot -0.075474 theta thetaddot -0.004245 xdot^2 -0.003841 xdot ydot +0.012659 xdot thetadot -0.010720 xdot yddot +0.100729 xdot thetaddot +0.002732 ydot^2 -0.027385 ydot thetadot +0.007224 ydot yddot -0.040464 ydot thetaddot -0.022324 thetadot^2 +0.006993 thetadot yddot -0.113410 thetadot thetaddot -0.003710 yddot^2 -0.000054 yddot thetaddot +0.035317 thetaddot^2 +0.016416 sin(theta) +0.042579 cos(theta) +0.022603 sin(theta) x -0.002135 sin(theta) y -0.007619 sin(theta) theta -0.014398 sin(theta) xdot -0.006940 sin(theta) ydot +0.019788 sin(theta) thetadot -0.010708 sin(theta) yddot +0.062248 sin(theta) thetaddot -0.049476 cos(theta) x +0.013211 cos(theta) y +0.045659 cos(theta) theta -0.078450 cos(theta) xdot -0.024330 cos(theta) ydot +0.085030 cos(theta) thetadot -0.005252 cos(theta) yddot -0.008884 cos(theta) thetaddot +0.008637 lambda_N +0.015573 lambda_F
SINDy,Full+λ,Ridge,True,1,yddot,64,31.622777,0.0018210317895025164,0.012325454109672979,0.4283888148259209,-0.13451439979731616,0.36728006096225396,-0.057299 x -0.017997 y +0.057528 theta -0.010558 xdot +0.010913 ydot +0.011174 thetadot +0.016310 xddot -0.009141 thetaddot +0.064679 x^2 -0.054034 x y -0.062657 x theta +0.036498 x xdot -0.002345 x ydot -0.035925 x thetadot -0.018109 x xddot +0.017633 x thetaddot -0.011369 y^2 +0.021839 y theta +0.019989 y xdot +0.016694 y ydot -0.018002 y thetadot +0.020961 y xddot -0.009141 y thetaddot +0.061635 theta^2 -0.028588 theta xdot +0.010883 theta ydot +0.028356 theta thetadot +0.017500 theta xddot -0.014699 theta thetaddot +0.026550 xdot^2 +0.013448 xdot ydot -0.025592 xdot thetadot -0.007942 xdot xddot +0.004727 xdot thetaddot -0.005806 ydot^2 -0.015013 ydot thetadot -0.036995 ydot xddot +0.095086 ydot thetaddot +0.024441 thetadot^2 +0.008980 thetadot xddot -0.005962 thetadot thetaddot -0.024527 xddot^2 +0.023831 xddot thetaddot -0.023831 thetaddot^2 -0.013241 sin(theta) +0.049044 cos(theta) -0.048614 sin(theta) x -0.014765 sin(theta) y +0.026578 sin(theta) theta +0.045209 sin(theta) xdot +0.010977 sin(theta) ydot -0.042878 sin(theta) thetadot +0.018313 sin(theta) xddot -0.009409 sin(theta) thetaddot -0.037662 cos(theta) x +0.040734 cos(theta) y +0.042910 cos(theta) theta -0.032125 cos(theta) xdot -0.001601 cos(theta) ydot +0.031890 cos(theta) thetadot -0.018079 cos(theta) xddot +0.011320 cos(theta) thetaddot +0.097611 lambda_N +0.016969 lambda_F
SINDy,Full+λ,Ridge,True,2,thetaddot,64,3.162278,6.172011683215401e-06,0.1346095556228425,0.1357749842210078,-8.143142930146203,2.43973247915806,+0.003553 x +0.004126 y -0.004351 theta -0.001784 xdot -0.000905 ydot +0.002223 thetadot -0.092917 xddot +0.000026 yddot -0.005945 x^2 +0.002644 x y +0.005222 x theta -0.017598 x xdot +0.001160 x ydot +0.017715 x thetadot +0.069994 x xddot +0.022514 x yddot +0.014970 y^2 +0.002529 y theta +0.025178 y xdot +0.005140 y ydot -0.026515 y thetadot -0.085361 y xddot -0.003514 y yddot -0.005207 theta^2 +0.012253 theta xdot -0.001206 theta ydot -0.012159 theta thetadot -0.077757 theta xddot -0.002738 theta yddot +0.015334 xdot^2 -0.002524 xdot ydot -0.016126 xdot thetadot +0.112164 xdot xddot -0.010303 xdot yddot +0.008075 ydot^2 +0.019338 ydot thetadot -0.067071 ydot xddot +0.002717 ydot yddot +0.017260 thetadot^2 -0.114046 thetadot xddot +0.014261 thetadot yddot -0.036272 xddot^2 -0.009774 xddot yddot +0.000515 yddot^2 -0.011536 sin(theta) -0.040242 cos(theta) -0.025919 sin(theta) x -0.001880 sin(theta) y +0.011924 sin(theta) theta +0.026528 sin(theta) xdot -0.001669 sin(theta) ydot -0.026004 sin(theta) thetadot +0.087517 sin(theta) xddot +0.010396 sin(theta) yddot +0.046577 cos(theta) x -0.022447 cos(theta) y -0.043294 cos(theta) theta +0.079338 cos(theta) xdot +0.024628 cos(theta) ydot -0.080697 cos(theta) thetadot -0.019601 cos(theta) xddot -0.000247 cos(theta) yddot +0.004325 lambda_N -0.027085 lambda_F
SINDy,Full+λ,ElasticNet,True,0,xddot,27,0.0001,1.0231133156326462e-08,0.002108905202553006,0.025151192102378123,-1.866498345037344,0.4431361773399668,+0.000134 y +0.020523 theta +0.099372 yddot -0.655673 thetaddot +0.002028 x xdot +0.004319 x ydot -0.019431 x yddot +0.071616 x thetaddot +0.000072 y theta -0.000230 y yddot -0.062474 y thetaddot -0.008727 theta thetaddot +0.003864 xdot ydot -0.008518 xdot yddot +0.052096 xdot thetaddot -0.010725 ydot thetadot -0.004470 ydot thetaddot +0.005509 thetadot yddot -0.024304 thetadot thetaddot -0.000031 yddot thetaddot +0.000596 sin(theta) x -0.000038 sin(theta) theta -0.088271 sin(theta) yddot +0.000078 sin(theta) thetaddot -0.049824 cos(theta) xdot +0.000552 cos(theta) ydot +0.031566 cos(theta) thetadot
SINDy,Full+λ,ElasticNet,True,1,yddot,0,3.162278,0.23862021056058919,0.24647519412871835,0.3990677673287227,-0.056862627735456917,0.2786098772390837,0
SINDy,Full+λ,ElasticNet,True,2,thetaddot,26,0.000251,7.893377449788241e-07,0.14307462762354933,0.17874082173857597,-11.036479989181421,2.43512650323169,-0.705150 xddot -0.004508 x xdot -0.000003 x ydot +0.001144 x thetadot +0.084214 x xddot +0.003513 y^2 +0.000776 y theta +0.029617 y xdot -0.010095 y thetadot -0.003198 y xddot -0.000206 theta ydot -0.015830 theta xddot +0.001091 xdot ydot +0.120689 xdot xddot -0.016174 xdot yddot -0.027451 ydot xddot +0.002621 ydot yddot -0.021432 thetadot xddot +0.011166 thetadot yddot -0.014933 xddot^2 +0.035190 sin(theta) xdot +0.000001 cos(theta) x +0.016930 cos(theta) xdot +0.002549 cos(theta) ydot -0.013768 cos(theta) thetadot -0.008710 lambda_F
SINDy,Full+λ,SR3_L0,True,0,xddot,3,0.129155,0.00949050834383785,0.003190166414757036,0.013514466983384986,-0.5402529265510234,0.44715779049953824, 1.341 yddot +  1.257 theta yddot +  2.471 yddot^2
SINDy,Full+λ,SR3_L0,True,1,yddot,63,0.0001,5.286022620349872e-06,8.458647485420842e+16,1.452863384207502e+17,-3.847659820416807e+17,59187484.40252505, 9312174.623 1 + -58868629.710 x +  2160304.625 y +  37687544.961 theta +  101099685.595 xdot +  43748399.334 ydot +  120839438.547 thetadot + -1402981117.864 xddot +  3017877975.398 thetaddot + -75966890.985 x^2 +  5921387.840 x y +  23271394.998 x theta + -83180201.429 x xdot + -1379914.292 x ydot + -162092661.565 x thetadot + -299365603.950 x xddot + -305173098.132 x thetaddot + -247000.871 y theta +  55128392.377 y xdot +  65618599.603 y thetadot +  95246584.347 y xddot + -4292010695.990 y thetaddot +  32779089.037 theta^2 +  184281110.153 theta xdot + -39623499.436 theta ydot +  76522547.052 theta thetadot +  418781560.046 theta xddot +  429823874.156 theta thetaddot +  143930770.559 xdot^2 + -21014046.251 xdot ydot + -69116314.247 xdot thetadot + -751867682.236 xdot xddot + -804276646.197 xdot thetaddot +  28.026 ydot^2 + -19706147.507 ydot thetadot +  10922420.687 ydot xddot +  9437305.475 ydot thetaddot + -214495391.514 thetadot^2 +  738445200.137 thetadot xddot +  666183537.377 thetadot thetaddot + -167346508.533 xddot^2 + -128663534.369 xddot thetaddot +  39169015.479 thetaddot^2 +  16295139.993 sin(theta) +  76697168.753 cos(theta) +  19805404.175 sin(theta) x + -20581677.407 sin(theta) y +  18417019.722 sin(theta) theta + -83400246.464 sin(theta) xdot +  2432148.151 sin(theta) ydot + -81683078.556 sin(theta) thetadot +  219810547.289 sin(theta) xddot +  220597674.443 sin(theta) thetaddot + -48772378.373 cos(theta) x + -26101563.135 cos(theta) y + -100554462.115 cos(theta) theta + -214959762.795 cos(theta) xdot +  7403243.389 cos(theta) ydot + -213803059.444 cos(theta) thetadot + -69991631.967 cos(theta) xddot + -74384856.282 cos(theta) thetaddot + -3310419.467 lambda_N + -5100647.193 lambda_F
SINDy,Full+λ,SR3_L0,True,2,thetaddot,1,0.01,0.0022977770285269017,0.21068569265783196,0.24173299464030376,-15.278398657965667,2.4003755750418927,-1.030 xddot
SINDy,UC,STLSQ,False,0,xddot,5,0.046416,2.288171322750231e-06,0.0007385452500428795,0.001112885493618724,0.8731636889142719,0.43946807074964866,-0.056 sin(theta) +  0.226 cos(theta) + -0.073 thetadot^2 + -0.489 thetaddot +  0.326 cos(theta) thetadot^2
SINDy,UC,STLSQ,False,1,yddot,6,0.599484,0.002862361316567962,6.017324340798941,8.809685677459662,-22.330943556095388,0.13326731729989474, 1.848 cos(theta) +  2.124 sin(theta) xddot +  2.814 sin(theta) thetaddot + -1.228 cos(theta) thetadot^2 +  3.760 cos(theta) xddot +  3.729 cos(theta) thetaddot
SINDy,UC,STLSQ,False,2,thetaddot,1,0.215443,0.0019424450446463121,0.19037916133549734,0.2218993912758245,-13.942795701193573,2.4077468835435023,-0.997 xddot
SINDy,UC,SR3_L1,False,0,xddot,12,0.003981,2.556435420572731e-06,0.002682793606557313,0.005196126514299114,0.4077939529381299,0.44461812507283033,-0.175 sin(theta) +  0.153 cos(theta) + -0.265 thetadot^2 +  0.058 yddot + -0.844 thetaddot + -0.008 sin(theta) cos(theta) + -0.071 sin(theta) thetadot^2 + -0.105 sin(theta) yddot +  0.045 sin(theta) thetaddot + -0.031 cos(theta) thetadot^2 + -0.061 cos(theta) yddot + -0.033 cos(theta) thetaddot
SINDy,UC,SR3_L1,False,1,yddot,5,0.359381,0.22069959291633648,2.776162809784021,2.4552595281033156,-5.502334312824426,0.04743709801491019, 1.291 cos(theta) +  0.890 xddot +  2.113 thetaddot +  4.359 cos(theta) xddot +  4.343 cos(theta) thetaddot
SINDy,UC,SR3_L1,False,2,thetaddot,11,0.01,0.0001617506959592033,0.10899690946080064,0.15972256384173444,-9.755782729440556,2.441124929614343,-0.185 sin(theta) +  0.061 cos(theta) + -0.295 thetadot^2 + -1.082 xddot + -0.083 sin(theta) thetadot^2 + -0.031 sin(theta) xddot + -0.092 sin(theta) yddot + -0.042 cos(theta) thetadot^2 +  0.044 cos(theta) xddot + -0.133 cos(theta) yddot
SINDy,UC,LASSO,False,0,xddot,6,0.000631,1.8056033351676634e-06,0.0007506126177740975,0.0011311106857928223,0.8710865514572326,0.43966498260170356,+0.139217 cos(theta) -0.022126 thetadot^2 -0.507352 thetaddot +0.046963 sin(theta) cos(theta) -0.002432 sin(theta) thetaddot +0.376343 cos(theta) thetadot^2
SINDy,UC,LASSO,False,1,yddot,11,0.0001,0.0021917868955954644,0.2207366397887037,0.8945840850399915,-1.3691527210387067,0.2716708978830613,-0.545262 sin(theta) +1.287422 cos(theta) -0.163084 thetadot^2 -1.698230 xddot +0.604810 sin(theta) cos(theta) +0.177735 sin(theta) thetadot^2 -0.646509 sin(theta) xddot -0.171616 sin(theta) thetaddot +0.754471 cos(theta) thetadot^2 +0.243249 cos(theta) xddot +0.225820 cos(theta) thetaddot
SINDy,UC,LASSO,False,2,thetaddot,3,0.077426,0.0037010644384400724,0.1244270681578622,0.15830900581770135,-9.660593154365726,2.433030153530792,+0.014060 sin(theta) -0.891671 xddot -0.017660 cos(theta) xddot
SINDy,UC,Ridge,False,0,xddot,12,3.162278,1.9587417700084285e-06,0.0008079564394457494,0.0013505064984283698,0.8460818625634423,0.4402216346468016,-0.048283 sin(theta) +0.234272 cos(theta) -0.067243 thetadot^2 -0.009900 yddot -0.420768 thetaddot +0.059249 sin(theta) cos(theta) -0.001487 sin(theta) thetadot^2 -0.007291 sin(theta) yddot +0.036272 sin(theta) thetaddot +0.365315 cos(theta) thetadot^2 +0.026098 cos(theta) yddot -0.020462 cos(theta) thetaddot
SINDy,UC,Ridge,False,1,yddot,12,0.000251,0.001679357987861291,2.2479980040793928,3.630548905872936,-8.614886921253971,0.09228721042814438,-1.911561 sin(theta) +5.504245 cos(theta) -3.059493 thetadot^2 -2.040671 xddot +1.102021 thetaddot -0.712436 sin(theta) cos(theta) -0.947160 sin(theta) thetadot^2 -3.915229 sin(theta) xddot -2.747241 sin(theta) thetaddot -0.866582 cos(theta) thetadot^2 +4.984488 cos(theta) xddot +4.781117 cos(theta) thetaddot
SINDy,UC,Ridge,False,2,thetaddot,12,0.129155,1.7739215693251956e-05,0.11327934231582303,0.16158672959489778,-9.881316413163267,2.4442519675626673,-0.144672 sin(theta) -0.126980 cos(theta) -0.277721 thetadot^2 -0.783686 xddot -0.011769 yddot -0.006298 sin(theta) cos(theta) -0.111150 sin(theta) thetadot^2 -0.015776 sin(theta) xddot -0.092025 sin(theta) yddot -0.224521 cos(theta) thetadot^2 +0.076601 cos(theta) xddot -0.207996 cos(theta) yddot
SINDy,UC,ElasticNet,False,0,xddot,4,0.016681,7.5625308340900115e-06,0.0009683589475748129,0.0014619294504620343,0.8333829134916217,0.4395610735902178,+0.232528 cos(theta) -0.465630 thetaddot +0.316997 cos(theta) thetadot^2 -0.003070 cos(theta) thetaddot
SINDy,UC,ElasticNet,False,1,yddot,11,0.0001,0.002135636938953508,0.286209149831208,0.93907719948636,-1.4869851136789003,0.25838181178177777,-0.586845 sin(theta) +1.481398 cos(theta) -0.316568 thetadot^2 -1.773795 xddot +0.547581 sin(theta) cos(theta) +0.098658 sin(theta) thetadot^2 -0.833360 sin(theta) xddot -0.328012 sin(theta) thetaddot +0.688083 cos(theta) thetadot^2 +0.521159 cos(theta) xddot +0.471066 cos(theta) thetaddot
SINDy,UC,ElasticNet,False,2,thetaddot,6,0.016681,0.0013700729099513174,0.1211210297068006,0.19871756926568146,-12.381722332369332,2.442837068800999,+0.017422 sin(theta) -0.582371 xddot -0.032053 sin(theta) thetadot^2 -0.125407 sin(theta) yddot -0.281996 cos(theta) thetadot^2 -0.027946 cos(theta) xddot
SINDy,UC,SR3_L0,False,0,xddot,7,0.001585,6.235002112727672e-05,0.0021003327364476567,0.007667986350716461,0.12607441847579948,0.4443034282113268,-0.201 sin(theta) +  0.130 cos(theta) + -0.272 thetadot^2 +  0.183 yddot + -0.828 thetaddot + -0.065 sin(theta) thetadot^2 + -0.188 sin(theta) yddot
SINDy,UC,SR3_L0,False,1,yddot,7,3.162278,0.014255352712647266,1.3247875978963133,32.10067270084429,-84.01313330761789,0.16667371689061347, 2.570 cos(theta) +  12.889 xddot +  14.205 thetaddot + -3.991 sin(theta) xddot + -3.434 sin(theta) thetaddot +  14.472 cos(theta) xddot +  14.842 cos(theta) thetaddot
SINDy,UC,SR3_L0,False,2,thetaddot,1,0.046416,0.006571802923230033,0.26892546101435233,0.2984137318632886,-19.09530266859139,2.381154174992512,-1.115 xddot
SINDy,UC+λ,STLSQ,True,0,xddot,3,0.027826,6.974099697917216e-16,3.5238833693896814e-15,3.6187967565765134e-15,0.9999999999995876,0.4342489136850401, 0.194 sin(theta) thetaddot +  0.593 cos(theta) thetadot^2 +  0.479 lambda_F
SINDy,UC+λ,STLSQ,True,1,yddot,0,1.0,0.23862021056058919,0.24647519412871835,0.3990677673287227,-0.056862627735456917,0.2786098772390837, 0.000
SINDy,UC+λ,STLSQ,True,2,thetaddot,1,0.359381,0.024705184502493087,0.45623961123904944,0.5482571710184064,-35.91986197501097,2.359715597312126,-0.962 cos(theta) thetadot^2
SINDy,UC+λ,SR3_L1,True,0,xddot,4,0.0001,1.5989647504990011e-09,2.9434991718058546e-09,2.7733451657677506e-09,0.999999683919979,0.4342654755234068, 0.194 sin(theta) thetaddot +  0.593 cos(theta) thetadot^2 +  0.479 lambda_F
SINDy,UC+λ,SR3_L1,True,1,yddot,0,1.0,0.23862021056058919,0.24647519412871835,0.3990677673287227,-0.056862627735456917,0.2786098772390837, 0.000
SINDy,UC+λ,SR3_L1,True,2,thetaddot,9,0.077426,0.01801418707011067,0.02519305010363038,0.0842115666548754,-4.670841316716778,2.4898301329120693,-0.521 cos(theta) + -0.003 thetadot^2 + -0.163 xddot +  0.107 sin(theta) xddot + -0.058 sin(theta) yddot + -0.177 cos(theta) thetadot^2 + -0.168 cos(theta) yddot +  0.073 lambda_N + -0.129 lambda_F
SINDy,UC+λ,LASSO,True,0,xddot,9,0.000251,5.102040432668271e-07,0.00015201382764510213,0.00023199314863317947,0.9735595842173169,0.43687389712843494,-0.003295 thetadot^2 -0.294923 thetaddot +0.041748 sin(theta) cos(theta) -0.005030 sin(theta) yddot +0.060148 sin(theta) thetaddot +0.515360 cos(theta) thetadot^2 -0.017509 cos(theta) yddot -0.000493 cos(theta) thetaddot +0.216462 lambda_F
SINDy,UC+λ,LASSO,True,1,yddot,0,1.0,0.23862021056058919,0.24647519412871835,0.3990677673287227,-0.056862627735456917,0.2786098772390837,0
SINDy,UC+λ,LASSO,True,2,thetaddot,3,0.077426,0.003701067687077694,0.1244252041860683,0.15830734989618905,-9.660481643934293,2.4330308191766448,+0.014060 sin(theta) -0.891668 xddot -0.017662 cos(theta) xddot
SINDy,UC+λ,Ridge,True,0,xddot,14,0.0001,1.0213287290847679e-10,5.274811605759762e-05,0.00010959615505380649,0.9875092522133578,0.4356170973928344,-0.022799 sin(theta) +0.120299 cos(theta) -0.035439 thetadot^2 +0.038379 yddot -0.069116 thetaddot -0.006723 sin(theta) cos(theta) -0.014280 sin(theta) thetadot^2 -0.011904 sin(theta) yddot +0.186177 sin(theta) thetaddot +0.505115 cos(theta) thetadot^2 +0.032426 cos(theta) yddot -0.002162 cos(theta) thetaddot -0.031220 lambda_N +0.400830 lambda_F
SINDy,UC+λ,Ridge,True,1,yddot,14,31.622777,0.0029489197502827105,0.06391486099390095,0.3980469704476767,-0.05415922204246404,0.3360978916169873,-0.030411 sin(theta) +0.143646 cos(theta) +0.105439 thetadot^2 +0.021111 xddot -0.020382 thetaddot +0.268080 sin(theta) cos(theta) -0.006335 sin(theta) thetadot^2 -0.024388 sin(theta) xddot +0.022592 sin(theta) thetaddot -0.022641 cos(theta) thetadot^2 +0.072720 cos(theta) xddot -0.073552 cos(theta) thetaddot +0.342277 lambda_N +0.062970 lambda_F
SINDy,UC+λ,Ridge,True,2,thetaddot,14,0.599484,1.2026674351480458e-05,0.1062457599193428,0.21325105452860893,-13.360413169967375,2.4463838600290213,-0.024601 sin(theta) -0.180020 cos(theta) -0.120430 thetadot^2 -0.344725 xddot -0.006610 yddot +0.042520 sin(theta) cos(theta) -0.064368 sin(theta) thetadot^2 +0.157938 sin(theta) xddot -0.084545 sin(theta) yddot -0.325935 cos(theta) thetadot^2 +0.061970 cos(theta) xddot -0.133851 cos(theta) yddot +0.046346 lambda_N -0.311707 lambda_F
SINDy,UC+λ,ElasticNet,True,0,xddot,9,0.000631,6.192100581835965e-07,0.00020326851114826525,0.00032176403362496603,0.9633283358449123,0.4371486314773444,+0.062357 cos(theta) -0.007757 thetadot^2 -0.298237 thetaddot +0.029759 sin(theta) cos(theta) -0.001371 sin(theta) thetadot^2 +0.059253 sin(theta) thetaddot +0.489521 cos(theta) thetadot^2 -0.000936 cos(theta) yddot +0.192487 lambda_F
SINDy,UC+λ,ElasticNet,True,1,yddot,0,3.162278,0.23862021056058919,0.24647519412871835,0.3990677673287227,-0.056862627735456917,0.2786098772390837,0
SINDy,UC+λ,ElasticNet,True,2,thetaddot,11,0.000251,1.543400620777783e-05,0.12265179741956184,0.2235462757405919,-14.053697574150492,2.441865567317952,-0.035031 sin(theta) -0.144994 thetadot^2 -0.551636 xddot +0.022600 sin(theta) cos(theta) -0.079837 sin(theta) thetadot^2 +0.119528 sin(theta) xddot -0.056702 sin(theta) yddot -0.261660 cos(theta) thetadot^2 +0.058456 cos(theta) xddot -0.097991 cos(theta) yddot -0.280789 lambda_F
SINDy,UC+λ,SR3_L0,True,0,xddot,3,0.0001,2.882688176778811e-13,1.0363277216297085e-12,1.0326997316887596e-12,0.9999999998823025,0.43424919269532164, 0.194 sin(theta) thetaddot +  0.593 cos(theta) thetadot^2 +  0.479 lambda_F
SINDy,UC+λ,SR3_L0,True,1,yddot,0,0.599484,0.23862021056058919,0.24647519412871835,0.3990677673287227,-0.056862627735456917,0.2786098772390837, 0.000
SINDy,UC+λ,SR3_L0,True,2,thetaddot,1,0.359381,0.0585971176206889,0.13209932408997194,0.16529305015797507,-10.130901554694164,2.4319413999678448,-0.953 cos(theta)
Lagrange,Lagrange,Lasso,False,0,xddot,15,0.0001,,,0.019436978399319,,,"T = +1.000000*xdot^2 +0.019139*thetadot^2 -0.044167*xdot ydot +0.297718*xdot thetadot -0.001451*ydot thetadot -0.020837*xdot thetadot sin(theta) +0.006375*xdot thetadot cos(theta) +0.001666*ydot thetadot sin(theta) -0.000295*ydot thetadot cos(theta) -0.003859*thetadot^2 sin(theta) +0.000255*thetadot^2 cos(theta)
V = -0.004067*y +0.009673*sin(theta) -0.002910*y cos(theta) +0.026369*x"
Lagrange,Lagrange,Lasso,False,1,yddot,15,0.0001,,,9.914201122658773e-06,,,"T = +1.000000*xdot^2 +0.019139*thetadot^2 -0.044167*xdot ydot +0.297718*xdot thetadot -0.001451*ydot thetadot -0.020837*xdot thetadot sin(theta) +0.006375*xdot thetadot cos(theta) +0.001666*ydot thetadot sin(theta) -0.000295*ydot thetadot cos(theta) -0.003859*thetadot^2 sin(theta) +0.000255*thetadot^2 cos(theta)
V = -0.004067*y +0.009673*sin(theta) -0.002910*y cos(theta) +0.026369*x"
Lagrange,Lagrange,Lasso,False,2,thetaddot,15,0.0001,,,0.000314393643797864,,,"T = +1.000000*xdot^2 +0.019139*thetadot^2 -0.044167*xdot ydot +0.297718*xdot thetadot -0.001451*ydot thetadot -0.020837*xdot thetadot sin(theta) +0.006375*xdot thetadot cos(theta) +0.001666*ydot thetadot sin(theta) -0.000295*ydot thetadot cos(theta) -0.003859*thetadot^2 sin(theta) +0.000255*thetadot^2 cos(theta)
V = -0.004067*y +0.009673*sin(theta) -0.002910*y cos(theta) +0.026369*x"
Lagrange,Lagrange,Ridge,False,0,xddot,20,0.1,,,0.019017394632272644,,,"T = +1.000000*xdot^2 -0.000282*ydot^2 +0.019076*thetadot^2 -0.046153*xdot ydot +0.294048*xdot thetadot -0.000736*ydot thetadot -0.021917*xdot thetadot sin(theta) +0.006799*xdot thetadot cos(theta) +0.001803*ydot thetadot sin(theta) -0.000478*ydot thetadot cos(theta) -0.003951*thetadot^2 sin(theta) +0.000314*thetadot^2 cos(theta)
V = -0.004016*y +0.009242*sin(theta) +0.000388*cos(theta) +0.000737*y sin(theta) -0.003532*y cos(theta) +0.000431*sin(theta)^2 +0.000073*y^2 +0.028902*x"
Lagrange,Lagrange,Ridge,False,1,yddot,20,0.1,,,8.884968641358238e-06,,,"T = +1.000000*xdot^2 -0.000282*ydot^2 +0.019076*thetadot^2 -0.046153*xdot ydot +0.294048*xdot thetadot -0.000736*ydot thetadot -0.021917*xdot thetadot sin(theta) +0.006799*xdot thetadot cos(theta) +0.001803*ydot thetadot sin(theta) -0.000478*ydot thetadot cos(theta) -0.003951*thetadot^2 sin(theta) +0.000314*thetadot^2 cos(theta)
V = -0.004016*y +0.009242*sin(theta) +0.000388*cos(theta) +0.000737*y sin(theta) -0.003532*y cos(theta) +0.000431*sin(theta)^2 +0.000073*y^2 +0.028902*x"
Lagrange,Lagrange,Ridge,False,2,thetaddot,20,0.1,,,0.0003216920681836321,,,"T = +1.000000*xdot^2 -0.000282*ydot^2 +0.019076*thetadot^2 -0.046153*xdot ydot +0.294048*xdot thetadot -0.000736*ydot thetadot -0.021917*xdot thetadot sin(theta) +0.006799*xdot thetadot cos(theta) +0.001803*ydot thetadot sin(theta) -0.000478*ydot thetadot cos(theta) -0.003951*thetadot^2 sin(theta) +0.000314*thetadot^2 cos(theta)
V = -0.004016*y +0.009242*sin(theta) +0.000388*cos(theta) +0.000737*y sin(theta) -0.003532*y cos(theta) +0.000431*sin(theta)^2 +0.000073*y^2 +0.028902*x"
Lagrange,Lagrange,ElasticNet,False,0,xddot,10,0.05,,,0.01683464467002407,,,"T = +1.000000*xdot^2 +0.012699*thetadot^2 -0.012921*xdot ydot +0.283856*xdot thetadot -0.000202*ydot thetadot -0.029139*xdot thetadot sin(theta) +0.006033*xdot thetadot cos(theta) -0.003275*thetadot^2 sin(theta)
V = -0.003459*y +0.008467*sin(theta)"
Lagrange,Lagrange,ElasticNet,False,1,yddot,10,0.05,,,1.5434309147521193e-05,,,"T = +1.000000*xdot^2 +0.012699*thetadot^2 -0.012921*xdot ydot +0.283856*xdot thetadot -0.000202*ydot thetadot -0.029139*xdot thetadot sin(theta) +0.006033*xdot thetadot cos(theta) -0.003275*thetadot^2 sin(theta)
V = -0.003459*y +0.008467*sin(theta)"
Lagrange,Lagrange,ElasticNet,False,2,thetaddot,10,0.05,,,0.0003839608560837317,,,"T = +1.000000*xdot^2 +0.012699*thetadot^2 -0.012921*xdot ydot +0.283856*xdot thetadot -0.000202*ydot thetadot -0.029139*xdot thetadot sin(theta) +0.006033*xdot thetadot cos(theta) -0.003275*thetadot^2 sin(theta)
V = -0.003459*y +0.008467*sin(theta)"
Lagrange,Lagrange,STLSQ,False,0,xddot,17,0.1,,,0.019023859865193032,,,"T = +1.000000*xdot^2 -0.000260*ydot^2 +0.019278*thetadot^2 -0.046158*xdot ydot +0.294042*xdot thetadot -0.001127*ydot thetadot -0.021918*xdot thetadot sin(theta) +0.006799*xdot thetadot cos(theta) +0.001705*ydot thetadot sin(theta) -0.000446*ydot thetadot cos(theta) -0.003786*thetadot^2 sin(theta) +0.000232*thetadot^2 cos(theta)
V = -0.003754*y +0.009361*sin(theta) +0.000690*y sin(theta) -0.003402*y cos(theta) +0.029007*x"
Lagrange,Lagrange,STLSQ,False,1,yddot,17,0.1,,,8.583242270347952e-06,,,"T = +1.000000*xdot^2 -0.000260*ydot^2 +0.019278*thetadot^2 -0.046158*xdot ydot +0.294042*xdot thetadot -0.001127*ydot thetadot -0.021918*xdot thetadot sin(theta) +0.006799*xdot thetadot cos(theta) +0.001705*ydot thetadot sin(theta) -0.000446*ydot thetadot cos(theta) -0.003786*thetadot^2 sin(theta) +0.000232*thetadot^2 cos(theta)
V = -0.003754*y +0.009361*sin(theta) +0.000690*y sin(theta) -0.003402*y cos(theta) +0.029007*x"
Lagrange,Lagrange,STLSQ,False,2,thetaddot,17,0.1,,,0.0003160898549780215,,,"T = +1.000000*xdot^2 -0.000260*ydot^2 +0.019278*thetadot^2 -0.046158*xdot ydot +0.294042*xdot thetadot -0.001127*ydot thetadot -0.021918*xdot thetadot sin(theta) +0.006799*xdot thetadot cos(theta) +0.001705*ydot thetadot sin(theta) -0.000446*ydot thetadot cos(theta) -0.003786*thetadot^2 sin(theta) +0.000232*thetadot^2 cos(theta)
V = -0.003754*y +0.009361*sin(theta) +0.000690*y sin(theta) -0.003402*y cos(theta) +0.029007*x"
Lagrange,Lagrange+λ,Lasso,True,0,xddot,15,0.001,,,0.002259395463517634,,,"T = +0.593757*xdot^2 +0.647979*ydot^2 +0.029288*thetadot^2 +0.018203*xdot ydot -0.068421*xdot thetadot sin(theta) -0.008774*xdot thetadot cos(theta) -0.016775*ydot thetadot sin(theta) +0.082917*ydot thetadot cos(theta)
V = -1.424583*y -0.103069*sin(theta) +0.006771*cos(theta) +0.079990*y sin(theta) -0.102941*y cos(theta) +0.019370*y^2 -0.001690*x"
Lagrange,Lagrange+λ,Lasso,True,1,yddot,15,0.001,,,0.02832329638010914,,,"T = +0.593757*xdot^2 +0.647979*ydot^2 +0.029288*thetadot^2 +0.018203*xdot ydot -0.068421*xdot thetadot sin(theta) -0.008774*xdot thetadot cos(theta) -0.016775*ydot thetadot sin(theta) +0.082917*ydot thetadot cos(theta)
V = -1.424583*y -0.103069*sin(theta) +0.006771*cos(theta) +0.079990*y sin(theta) -0.102941*y cos(theta) +0.019370*y^2 -0.001690*x"
Lagrange,Lagrange+λ,Lasso,True,2,thetaddot,15,0.001,,,0.00011187795336208859,,,"T = +0.593757*xdot^2 +0.647979*ydot^2 +0.029288*thetadot^2 +0.018203*xdot ydot -0.068421*xdot thetadot sin(theta) -0.008774*xdot thetadot cos(theta) -0.016775*ydot thetadot sin(theta) +0.082917*ydot thetadot cos(theta)
V = -1.424583*y -0.103069*sin(theta) +0.006771*cos(theta) +0.079990*y sin(theta) -0.102941*y cos(theta) +0.019370*y^2 -0.001690*x"
Lagrange,Lagrange+λ,Ridge,True,0,xddot,20,0.0001,,,0.00014165927592712797,,,"T = +0.756725*xdot^2 +0.615727*ydot^2 +0.066684*thetadot^2 +0.004520*xdot ydot +0.011090*xdot thetadot -0.023419*ydot thetadot -0.087459*xdot thetadot sin(theta) -0.000955*xdot thetadot cos(theta) -0.043716*ydot thetadot sin(theta) +0.092876*ydot thetadot cos(theta) +0.020720*thetadot^2 sin(theta) -0.001863*thetadot^2 cos(theta)
V = -1.428503*y -0.162156*sin(theta) +0.029898*cos(theta) +0.123538*y sin(theta) -0.148964*y cos(theta) -0.014835*sin(theta)^2 +0.019329*y^2 +0.001346*x"
Lagrange,Lagrange+λ,Ridge,True,1,yddot,20,0.0001,,,0.08862038764824338,,,"T = +0.756725*xdot^2 +0.615727*ydot^2 +0.066684*thetadot^2 +0.004520*xdot ydot +0.011090*xdot thetadot -0.023419*ydot thetadot -0.087459*xdot thetadot sin(theta) -0.000955*xdot thetadot cos(theta) -0.043716*ydot thetadot sin(theta) +0.092876*ydot thetadot cos(theta) +0.020720*thetadot^2 sin(theta) -0.001863*thetadot^2 cos(theta)
V = -1.428503*y -0.162156*sin(theta) +0.029898*cos(theta) +0.123538*y sin(theta) -0.148964*y cos(theta) -0.014835*sin(theta)^2 +0.019329*y^2 +0.001346*x"
Lagrange,Lagrange+λ,Ridge,True,2,thetaddot,20,0.0001,,,0.0026394581995542866,,,"T = +0.756725*xdot^2 +0.615727*ydot^2 +0.066684*thetadot^2 +0.004520*xdot ydot +0.011090*xdot thetadot -0.023419*ydot thetadot -0.087459*xdot thetadot sin(theta) -0.000955*xdot thetadot cos(theta) -0.043716*ydot thetadot sin(theta) +0.092876*ydot thetadot cos(theta) +0.020720*thetadot^2 sin(theta) -0.001863*thetadot^2 cos(theta)
V = -1.428503*y -0.162156*sin(theta) +0.029898*cos(theta) +0.123538*y sin(theta) -0.148964*y cos(theta) -0.014835*sin(theta)^2 +0.019329*y^2 +0.001346*x"
Lagrange,Lagrange+λ,ElasticNet,True,0,xddot,17,0.001,,,0.0020854941745422186,,,"T = +0.605216*xdot^2 +0.615179*ydot^2 +0.052914*thetadot^2 +0.022552*xdot ydot -0.000018*xdot thetadot -0.004128*ydot thetadot -0.071996*xdot thetadot sin(theta) -0.007020*xdot thetadot cos(theta) -0.031797*ydot thetadot sin(theta) +0.086462*ydot thetadot cos(theta) +0.008689*thetadot^2 sin(theta)
V = -1.406822*y -0.143992*sin(theta) +0.020115*cos(theta) +0.115842*y sin(theta) -0.146016*y cos(theta) +0.020066*y^2"
Lagrange,Lagrange+λ,ElasticNet,True,1,yddot,17,0.001,,,0.06485950781530257,,,"T = +0.605216*xdot^2 +0.615179*ydot^2 +0.052914*thetadot^2 +0.022552*xdot ydot -0.000018*xdot thetadot -0.004128*ydot thetadot -0.071996*xdot thetadot sin(theta) -0.007020*xdot thetadot cos(theta) -0.031797*ydot thetadot sin(theta) +0.086462*ydot thetadot cos(theta) +0.008689*thetadot^2 sin(theta)
V = -1.406822*y -0.143992*sin(theta) +0.020115*cos(theta) +0.115842*y sin(theta) -0.146016*y cos(theta) +0.020066*y^2"
Lagrange,Lagrange+λ,ElasticNet,True,2,thetaddot,17,0.001,,,0.0013761339880819165,,,"T = +0.605216*xdot^2 +0.615179*ydot^2 +0.052914*thetadot^2 +0.022552*xdot ydot -0.000018*xdot thetadot -0.004128*ydot thetadot -0.071996*xdot thetadot sin(theta) -0.007020*xdot thetadot cos(theta) -0.031797*ydot thetadot sin(theta) +0.086462*ydot thetadot cos(theta) +0.008689*thetadot^2 sin(theta)
V = -1.406822*y -0.143992*sin(theta) +0.020115*cos(theta) +0.115842*y sin(theta) -0.146016*y cos(theta) +0.020066*y^2"
Lagrange,Lagrange+λ,STLSQ,True,0,xddot,5,0.1,,,9.952234575061628e-06,,,"T = +0.778905*xdot^2 +0.744631*ydot^2 -0.091795*xdot thetadot sin(theta) +0.072684*ydot thetadot cos(theta)
V = -1.496607*y"
Lagrange,Lagrange+λ,STLSQ,True,1,yddot,5,0.1,,,0.002532771786990716,,,"T = +0.778905*xdot^2 +0.744631*ydot^2 -0.091795*xdot thetadot sin(theta) +0.072684*ydot thetadot cos(theta)
V = -1.496607*y"
Lagrange,Lagrange+λ,STLSQ,True,2,thetaddot,5,0.1,,,0.0009847545640963994,,,"T = +0.778905*xdot^2 +0.744631*ydot^2 -0.091795*xdot thetadot sin(theta) +0.072684*ydot thetadot cos(theta)
V = -1.496607*y"
Hybrid,Full,STLSQ,False,0,xddot,59,0.01,8.393348254862779e-07,0.020206740606499265,0.009659541036690235,-0.10090441370668812,0.1629402195810882,-5.115 x + -0.165 y + -3.557 theta + -4.481 xdot +  0.049 ydot + -3.502 thetadot + -0.517 yddot +  39862.400 thetaddot +  11.719 x^2 +  0.385 x y +  23.876 x theta +  17.743 x xdot +  0.257 x ydot +  15.684 x thetadot +  0.887 x yddot + -0.041 y^2 +  0.220 y theta + -0.761 y xdot +  0.040 y ydot + -0.963 y thetadot +  0.394 y yddot + -39862.722 y thetaddot +  11.539 theta^2 +  17.134 theta xdot +  0.497 theta ydot +  14.131 theta thetadot +  0.905 theta yddot +  0.086 theta thetaddot + -4.026 xdot^2 +  0.705 xdot ydot + -9.416 xdot thetadot +  0.141 xdot yddot + -0.232 xdot thetaddot + -0.338 ydot^2 +  0.403 ydot thetadot +  0.228 ydot yddot + -4.633 thetadot^2 +  0.161 thetadot yddot + -0.092 thetadot thetaddot +  0.199 yddot^2 +  0.126 thetaddot^2 +  0.873 sin(theta) +  0.256 cos(theta) + -1.591 sin(theta) x + -0.122 sin(theta) y + -2.107 sin(theta) theta + -1.905 sin(theta) xdot + -0.369 sin(theta) ydot + -1.483 sin(theta) thetadot + -0.470 sin(theta) yddot +  0.168 sin(theta) thetaddot + -0.618 cos(theta) x +  0.036 cos(theta) y + -0.191 cos(theta) theta +  2.199 cos(theta) xdot +  0.068 cos(theta) ydot +  2.707 cos(theta) thetadot +  0.069 cos(theta) yddot +  0.138 cos(theta) thetaddot
Hybrid,Full,STLSQ,False,1,yddot,62,0.01,0.0023536399521647084,3.7843151637900547,2.37325969869681,-5.285171809922927,0.1629402195810882, 26.813 x + -1.931 y +  43.174 theta + -37.012 xdot +  1.555 ydot + -33.328 thetadot + -10.450 xddot + -8402243.671 thetaddot + -177.374 x^2 +  6.094 x y + -384.138 x theta +  100.396 x xdot + -0.380 x ydot +  83.685 x thetadot +  34.564 x xddot +  45.187 x thetaddot +  0.531 y^2 +  1.302 y theta + -17.648 y xdot + -0.587 y ydot + -14.261 y thetadot +  7.380 y xddot +  8402237.723 y thetaddot + -211.291 theta^2 +  109.437 theta xdot +  0.021 theta ydot +  90.555 theta thetadot +  33.081 theta xddot +  41.070 theta thetaddot + -5.241 xdot^2 + -6.074 xdot ydot + -10.331 xdot thetadot +  14.760 xdot xddot +  11.388 xdot thetaddot +  0.218 ydot^2 + -5.628 ydot thetadot + -1.161 ydot xddot + -0.213 ydot thetaddot + -7.087 thetadot^2 +  18.504 thetadot xddot +  12.657 thetadot thetaddot + -6.721 xddot^2 + -163818.474 xddot thetaddot + -163811.592 thetaddot^2 + -11.010 sin(theta) + -5.690 cos(theta) +  39.416 sin(theta) x + -0.625 sin(theta) y +  39.674 sin(theta) theta + -16.062 sin(theta) xdot + -0.072 sin(theta) ydot + -15.364 sin(theta) thetadot +  3.134 sin(theta) xddot +  1.992 sin(theta) thetaddot + -3.318 cos(theta) x +  0.286 cos(theta) y + -5.270 cos(theta) theta + -10.316 cos(theta) xdot + -0.036 cos(theta) ydot + -13.842 cos(theta) thetadot +  10.340 cos(theta) xddot +  11.672 cos(theta) thetaddot
Hybrid,Full,STLSQ,False,2,thetaddot,50,0.01,5.693342967716532e-06,0.0006828411253251063,0.001903696506381603,0.8718042991989251,0.1629402195810882, 1.202 x +  0.034 y +  0.687 theta + -0.470 xdot +  0.053 ydot + -0.834 thetadot + -0.847 xddot +  0.687 yddot + -0.365 x y +  0.370 x theta +  0.250 x xdot +  1.585 x thetadot +  0.350 x yddot +  0.003 y^2 + -0.043 y theta +  0.948 y xdot +  0.873 y thetadot + -0.320 y xddot +  0.057 y yddot +  0.593 theta^2 +  0.580 theta xdot +  1.977 theta thetadot + -0.088 theta xddot +  0.271 theta yddot +  0.124 xdot ydot + -1.188 xdot xddot + -1.172 xdot yddot + -0.005 ydot^2 +  0.116 ydot thetadot +  0.029 ydot xddot +  0.053 ydot yddot + -0.275 thetadot^2 + -1.110 thetadot xddot + -0.849 thetadot yddot +  0.031 xddot^2 + -0.481 xddot yddot +  0.869 yddot^2 + -0.247 sin(theta) +  0.078 cos(theta) + -0.054 sin(theta) x +  0.036 sin(theta) y +  1.359 sin(theta) xdot +  1.160 sin(theta) thetadot +  0.033 sin(theta) xddot + -0.143 sin(theta) yddot +  0.078 cos(theta) theta +  1.038 cos(theta) xdot +  1.052 cos(theta) thetadot + -0.033 cos(theta) xddot +  0.011 cos(theta) yddot
Hybrid,Full,SR3_L1,False,0,xddot,60,0.01,3.103894272881141e-05,0.03454818328272795,0.05650439989861877,-5.439844606069557,0.2521820439270666,-3.404 x + -0.764 y + -4.227 theta + -3.499 xdot +  0.257 ydot + -2.307 thetadot +  0.462 yddot + -42615.667 thetaddot +  5.244 x^2 +  0.907 x y +  21.927 x theta +  16.675 x xdot +  0.149 x ydot +  10.777 x thetadot +  0.756 x yddot + -5.785 x thetaddot +  0.101 y^2 +  0.308 y theta + -0.462 y xdot + -0.074 y ydot + -0.412 y thetadot +  0.012 y yddot +  42616.656 y thetaddot +  18.224 theta^2 +  17.397 theta xdot +  0.350 theta ydot +  10.119 theta thetadot +  1.009 theta yddot + -5.619 theta thetaddot + -1.337 xdot^2 +  0.491 xdot ydot + -5.242 xdot thetadot + -0.630 xdot thetaddot + -0.240 ydot^2 +  0.175 ydot thetadot +  0.129 ydot yddot +  0.006 ydot thetaddot + -2.910 thetadot^2 + -0.502 thetadot yddot + -0.122 thetadot thetaddot +  0.633 yddot^2 +  0.076 thetaddot^2 +  0.651 sin(theta) +  1.444 cos(theta) + -1.350 sin(theta) x + -0.172 sin(theta) y + -2.036 sin(theta) theta + -0.609 sin(theta) xdot + -0.261 sin(theta) ydot + -0.224 sin(theta) thetadot + -0.512 sin(theta) yddot +  0.387 sin(theta) thetaddot + -3.577 cos(theta) x +  0.047 cos(theta) y + -3.401 cos(theta) theta +  2.225 cos(theta) xdot +  0.033 cos(theta) ydot +  2.509 cos(theta) thetadot +  0.075 cos(theta) yddot + -0.156 cos(theta) thetaddot
Hybrid,Full,SR3_L1,False,1,yddot,62,0.01,0.0027874112879119743,3.419867467638061,2.036986214585083,-4.394609085614178,0.2521820439270666, 26.692 x + -1.841 y +  42.903 theta + -36.746 xdot +  1.499 ydot + -32.954 thetadot + -10.296 xddot + -8402227.251 thetaddot + -177.183 x^2 +  5.818 x y + -383.672 x theta +  100.108 x xdot + -0.326 x ydot +  83.392 x thetadot +  34.265 x xddot +  44.854 x thetaddot +  0.486 y^2 +  1.095 y theta + -17.349 y xdot + -0.561 y ydot + -14.072 y thetadot +  7.258 y xddot +  8402221.338 y thetaddot + -211.119 theta^2 +  109.096 theta xdot +  0.072 theta ydot +  90.239 theta thetadot +  32.749 theta xddot +  40.704 theta thetaddot + -5.030 xdot^2 + -6.108 xdot ydot + -10.018 xdot thetadot +  14.467 xdot xddot +  11.188 xdot thetaddot +  0.195 ydot^2 + -5.653 ydot thetadot + -1.124 ydot xddot + -0.197 ydot thetaddot + -6.900 thetadot^2 +  18.214 thetadot xddot +  12.486 thetadot thetaddot + -6.645 xddot^2 + -163817.866 xddot thetaddot + -163811.051 thetaddot^2 + -10.809 sin(theta) + -5.758 cos(theta) +  39.131 sin(theta) x + -0.526 sin(theta) y +  39.389 sin(theta) theta + -15.709 sin(theta) xdot + -0.095 sin(theta) ydot + -15.015 sin(theta) thetadot +  3.092 sin(theta) xddot +  1.960 sin(theta) thetaddot + -3.079 cos(theta) x +  0.228 cos(theta) y + -5.015 cos(theta) theta + -9.975 cos(theta) xdot + -0.008 cos(theta) ydot + -13.457 cos(theta) thetadot +  10.239 cos(theta) xddot +  11.563 cos(theta) thetaddot
Hybrid,Full,SR3_L1,False,2,thetaddot,56,0.01,0.00042712246010442656,0.027833977279101578,0.03295097845415572,-1.2189323565238817,0.2521820439270666,-0.065 x + -0.124 y + -0.841 theta +  0.116 xdot + -0.724 thetadot + -0.966 xddot +  0.557 yddot +  8.684 x^2 +  21.949 x theta +  1.038 x xdot + -0.034 x ydot +  1.922 x thetadot +  0.109 x xddot +  0.213 x yddot +  0.017 y theta +  0.807 y xdot + -0.005 y ydot +  0.988 y thetadot + -0.396 y xddot +  0.025 y yddot +  14.264 theta^2 +  2.082 theta xdot + -0.070 theta ydot +  2.488 theta thetadot + -0.012 theta xddot +  0.232 theta yddot +  0.070 xdot^2 +  0.561 xdot ydot + -0.364 xdot thetadot + -1.028 xdot xddot + -1.018 xdot yddot + -0.058 ydot^2 +  0.500 ydot thetadot + -0.037 ydot yddot + -0.620 thetadot^2 + -1.022 thetadot xddot + -0.852 thetadot yddot +  0.043 xddot^2 + -0.452 xddot yddot +  0.687 yddot^2 + -0.042 sin(theta) +  0.835 cos(theta) + -1.837 sin(theta) x + -0.027 sin(theta) y + -2.128 sin(theta) theta +  1.505 sin(theta) xdot +  0.054 sin(theta) ydot +  1.238 sin(theta) thetadot + -0.046 sin(theta) xddot + -0.125 sin(theta) yddot + -0.887 cos(theta) x + -0.702 cos(theta) theta +  1.067 cos(theta) xdot + -0.001 cos(theta) ydot +  1.165 cos(theta) thetadot + -0.044 cos(theta) xddot
Hybrid,Full,LASSO,False,0,xddot,3,0.5,0.00651198763675778,8.536522231696304e-05,8.536522243316385e-05,0.9902708679639375,0.6357924421886288,-0.333609 thetaddot -0.000000 y thetaddot +0.061169 cos(theta)
Hybrid,Full,LASSO,False,1,yddot,2,0.5,0.15182750136815543,0.06698911643154919,0.49952767755094035,-0.3229134927557433,0.6357924421886288,+0.019899 x^2 +0.308126 x thetaddot
Hybrid,Full,LASSO,False,2,thetaddot,2,0.5,0.15685295061579158,1.3696009294021093e-07,1.369601209539498e-07,0.9999907770494779,0.6357924421886288,-0.355667 xddot +0.029872 x thetadot
Hybrid,Full,Ridge,False,0,xddot,62,0.01,1.803705944536771e-06,0.015361895664235063,0.01537375881785615,-0.7521576722489065,0.3153427479618452,-0.642838 x -0.248114 y +0.019921 theta -0.706875 xdot -0.243628 ydot -0.469051 thetadot -0.924184 yddot -0.092261 thetaddot -0.942124 x^2 -1.238769 x y +0.189408 x theta +0.428709 x xdot +0.205049 x ydot +0.167356 x thetadot +0.043708 x yddot +0.238965 x thetaddot -0.032753 y^2 -0.638427 y theta +0.587845 y xdot +0.060202 y ydot -0.222604 y thetadot +0.188818 y yddot -0.092261 y thetaddot +0.758838 theta^2 +0.462577 theta xdot +0.312891 theta ydot -0.979831 theta thetadot +0.284948 theta yddot +0.382580 theta thetaddot +0.030554 xdot^2 -0.551406 xdot ydot -1.273235 xdot thetadot +0.634760 xdot yddot -0.452487 xdot thetaddot -0.382998 ydot^2 -0.565833 ydot thetadot -0.019120 ydot yddot -0.004340 ydot thetaddot -0.587108 thetadot^2 +0.284161 thetadot yddot -0.418479 thetadot thetaddot -0.664029 yddot^2 +0.000247 yddot thetaddot +0.156250 thetaddot^2 -0.011164 sin(theta) +0.396373 cos(theta) +0.810756 sin(theta) x +0.410515 sin(theta) y +0.262837 sin(theta) theta -0.893211 sin(theta) xdot -0.227338 sin(theta) ydot -0.756219 sin(theta) thetadot -0.138075 sin(theta) yddot +0.162801 sin(theta) thetaddot -1.088460 cos(theta) x -0.124402 cos(theta) y -0.581454 cos(theta) theta -0.392508 cos(theta) xdot +0.072965 cos(theta) ydot +0.160718 cos(theta) thetadot -0.002671 cos(theta) yddot +0.188681 cos(theta) thetaddot
Hybrid,Full,Ridge,False,1,yddot,62,0.01,0.003045091586810803,2.4075820127613357,1.2464402983699199,-2.300983634605328,0.3153427479618452,-1.073621 x -0.797707 y +2.724739 theta +1.368522 xdot +0.524899 ydot +0.797231 thetadot +0.945244 xddot -0.484717 thetaddot +0.173830 x^2 +1.582223 x y +0.065242 x theta +1.359712 x xdot -0.213338 x ydot -1.705843 x thetadot -0.877608 x xddot +7.746834 x thetaddot -0.087488 y^2 +0.747746 y theta -1.385442 y xdot -0.106959 y ydot -0.939536 y thetadot -0.761517 y xddot -0.484714 y thetaddot -0.072516 theta^2 +3.144874 theta xdot -0.036729 theta ydot -2.000409 theta thetadot -5.526365 theta xddot +3.129242 theta thetaddot +0.541632 xdot^2 +1.026040 xdot ydot +1.162575 xdot thetadot -1.015162 xdot xddot +1.033276 xdot thetaddot -0.105395 ydot^2 +0.825779 ydot thetadot +0.107552 ydot xddot +0.073367 ydot thetaddot +0.421767 thetadot^2 +1.081037 thetadot xddot +2.811118 thetadot thetaddot -0.353851 xddot^2 -0.422601 xddot thetaddot +0.422501 thetaddot^2 -1.921840 sin(theta) +0.534379 cos(theta) +2.090998 sin(theta) x -0.079223 sin(theta) y +1.467818 sin(theta) theta -0.321358 sin(theta) xdot -0.073998 sin(theta) ydot -0.617427 sin(theta) thetadot -0.681698 sin(theta) xddot -0.213075 sin(theta) thetaddot -2.228308 cos(theta) x +0.275462 cos(theta) y -1.683981 cos(theta) theta -0.381753 cos(theta) xdot -0.048765 cos(theta) ydot -0.001212 cos(theta) thetadot +0.579125 cos(theta) xddot +1.705489 cos(theta) thetaddot
Hybrid,Full,Ridge,False,2,thetaddot,62,0.01,8.323264373345411e-06,0.05234529051865001,0.053548345845643705,-2.6059674950333562,0.3153427479618452,+0.106184 x -0.106908 y +0.397182 theta +0.096263 xdot +0.075345 ydot -0.051003 thetadot -1.073304 xddot +0.483686 yddot +0.018045 x^2 -0.026905 x y +0.075959 x theta -0.049839 x xdot -0.008200 x ydot -0.131054 x thetadot -0.092997 x xddot +0.281741 x yddot +0.008397 y^2 +0.046785 y theta +0.070413 y xdot -0.007869 y ydot +0.099989 y thetadot -0.069919 y xddot +0.066943 y yddot -0.009331 theta^2 +0.269480 theta xdot -0.017021 theta ydot +0.021926 theta thetadot -0.159072 theta xddot +0.235445 theta yddot +0.011785 xdot^2 -0.013233 xdot ydot -0.011725 xdot thetadot -0.228566 xdot xddot -0.339984 xdot yddot -0.065462 ydot^2 -0.008084 ydot thetadot -0.004841 ydot xddot +0.048606 ydot yddot -0.179806 thetadot^2 -0.168770 thetadot xddot -0.148459 thetadot yddot +0.027084 xddot^2 -0.468316 xddot yddot +0.659920 yddot^2 -0.182859 sin(theta) -0.047977 cos(theta) +0.177860 sin(theta) x -0.003559 sin(theta) y +0.058272 sin(theta) theta +0.300832 sin(theta) xdot +0.006563 sin(theta) ydot +0.182165 sin(theta) thetadot +0.018321 sin(theta) xddot -0.131168 sin(theta) yddot +0.023898 cos(theta) x +0.020672 cos(theta) y +0.146423 cos(theta) theta +0.125214 cos(theta) xdot -0.006172 cos(theta) ydot +0.062987 cos(theta) thetadot -0.036366 cos(theta) xddot -0.009666 cos(theta) yddot
Hybrid,Full,ElasticNet,False,0,xddot,5,0.5,0.0036706178260764552,5.200641006262102e-05,5.200641013556953e-05,0.994072794324097,0.7316603002516199,-0.191117 thetaddot -0.191063 y thetaddot +0.041269 xdot thetaddot -0.040747 thetadot thetaddot +0.194034 cos(theta)
Hybrid,Full,ElasticNet,False,1,yddot,9,0.5,0.09115772954228302,0.024684621425010163,0.6516277536755893,-0.7257244920200523,0.7316603002516199,+0.154348 x^2 -0.031960 x theta -0.006631 x xdot -0.056176 x xddot +0.174400 x thetaddot -0.016054 xddot thetaddot +0.016049 thetaddot^2 -0.018135 sin(theta) x -0.164888 cos(theta) thetaddot
Hybrid,Full,ElasticNet,False,2,thetaddot,11,0.5,0.07731965040758065,0.0028211595146140776,0.0028211595182934873,0.8100219649997298,0.7316603002516199,+0.059923 x -0.032074 theta -0.261643 xddot +0.033303 x y -0.036974 x xdot +0.054850 x thetadot -0.073937 y xddot +0.026902 theta xdot -0.035850 theta thetadot +0.044047 xdot xddot -0.066290 thetadot xddot
Hybrid,Full,SR3_L0,False,0,xddot,52,0.01,0.00030059948038241703,0.03285910220688983,0.052202379627846233,-4.949540451248975,0.17261356094963953,-3.578 x + -0.706 y + -4.452 theta + -3.855 xdot +  0.338 ydot + -2.484 thetadot +  0.648 yddot + -42615.941 thetaddot +  5.537 x^2 +  1.044 x y +  22.364 x theta +  17.196 x xdot +  0.167 x ydot +  11.017 x thetadot +  0.841 x yddot + -6.153 x thetaddot +  0.324 y theta + -0.706 y xdot + -0.600 y thetadot +  42616.982 y thetaddot +  18.443 theta^2 +  17.765 theta xdot +  0.389 theta ydot +  10.294 theta thetadot +  1.083 theta yddot + -5.990 theta thetaddot + -1.519 xdot^2 +  0.623 xdot ydot + -5.679 xdot thetadot + -0.290 xdot yddot + -0.545 xdot thetaddot + -0.207 ydot^2 +  0.267 ydot thetadot +  0.183 ydot yddot + -3.141 thetadot^2 + -0.748 thetadot yddot +  0.856 yddot^2 +  0.730 sin(theta) +  1.505 cos(theta) + -1.460 sin(theta) x + -0.206 sin(theta) y + -2.096 sin(theta) theta + -0.772 sin(theta) xdot + -0.286 sin(theta) ydot + -0.338 sin(theta) thetadot + -0.567 sin(theta) yddot +  0.399 sin(theta) thetaddot + -3.760 cos(theta) x + -3.651 cos(theta) theta +  2.333 cos(theta) xdot +  2.616 cos(theta) thetadot + -0.199 cos(theta) thetaddot
Hybrid,Full,SR3_L0,False,1,yddot,59,0.01,0.0031364293591720853,3.7618146299443325,2.3676411951297043,-5.270292165586778,0.17261356094963953, 26.844 x + -1.931 y +  43.202 theta + -36.994 xdot +  1.567 ydot + -33.341 thetadot + -10.422 xddot + -8402227.556 thetaddot + -177.381 x^2 +  6.105 x y + -384.140 x theta +  100.408 x xdot + -0.393 x ydot +  83.684 x thetadot +  34.564 x xddot +  45.212 x thetaddot +  0.534 y^2 +  1.315 y theta + -17.659 y xdot + -0.590 y ydot + -14.236 y thetadot +  7.388 y xddot +  8402221.633 y thetaddot + -211.273 theta^2 +  109.434 theta xdot +  90.536 theta thetadot +  33.074 theta xddot +  41.087 theta thetaddot + -5.268 xdot^2 + -6.056 xdot ydot + -10.328 xdot thetadot +  14.796 xdot xddot +  11.409 xdot thetaddot +  0.225 ydot^2 + -5.606 ydot thetadot + -1.171 ydot xddot + -0.216 ydot thetaddot + -7.069 thetadot^2 +  18.532 thetadot xddot +  12.673 thetadot thetaddot + -6.738 xddot^2 + -163818.208 xddot thetaddot + -163811.309 thetaddot^2 + -11.023 sin(theta) + -5.686 cos(theta) +  39.399 sin(theta) x + -0.633 sin(theta) y +  39.654 sin(theta) theta + -16.053 sin(theta) xdot + -15.355 sin(theta) thetadot +  3.142 sin(theta) xddot +  1.999 sin(theta) thetaddot + -3.316 cos(theta) x +  0.284 cos(theta) y + -5.268 cos(theta) theta + -10.310 cos(theta) xdot + -13.838 cos(theta) thetadot +  10.357 cos(theta) xddot +  11.692 cos(theta) thetaddot
Hybrid,Full,SR3_L0,False,2,thetaddot,36,0.01,0.007208577965699091,0.0016487663560031897,0.01140691462654534,0.23185370691914042,0.17261356094963953,-0.954 theta + -0.739 thetadot + -0.873 xddot +  0.767 yddot +  8.972 x^2 +  22.348 x theta +  1.304 x xdot +  2.185 x thetadot +  0.300 x yddot +  1.080 y xdot +  1.275 y thetadot + -0.499 y xddot +  14.493 theta^2 +  2.352 theta xdot +  2.856 theta thetadot +  0.323 theta yddot +  0.724 xdot ydot + -0.703 xdot thetadot + -1.343 xdot xddot + -1.282 xdot yddot +  0.620 ydot thetadot + -0.850 thetadot^2 + -1.328 thetadot xddot + -1.062 thetadot yddot + -0.469 xddot yddot +  0.945 yddot^2 +  0.914 cos(theta) + -1.995 sin(theta) x + -2.220 sin(theta) theta +  1.779 sin(theta) xdot +  1.538 sin(theta) thetadot + -0.179 sin(theta) yddot + -1.092 cos(theta) x + -1.009 cos(theta) theta +  1.447 cos(theta) xdot +  1.576 cos(theta) thetadot
Hybrid,Full+λ,STLSQ,True,0,xddot,63,0.01,4.71349437398755e-07,0.03643625975668118,0.06521329120005251,-6.43240282760648,0.6832103632351827,-4.853 x + -1.107 y + -5.773 theta + -3.211 xdot +  0.422 ydot + -1.799 thetadot +  1.414 yddot + -65387.577 thetaddot +  8.518 x^2 +  1.033 x y +  28.640 x theta +  14.334 x xdot +  0.198 x ydot +  7.635 x thetadot +  1.039 x yddot + -6.951 x thetaddot +  0.128 y^2 +  0.378 y theta + -0.451 y xdot + -0.093 y ydot + -0.345 y thetadot + -0.302 y yddot +  65389.061 y thetaddot +  21.702 theta^2 +  15.245 theta xdot +  0.405 theta ydot +  7.124 theta thetadot +  1.193 theta yddot + -6.881 theta thetaddot + -0.864 xdot^2 +  0.534 xdot ydot + -4.743 xdot thetadot + -0.685 xdot yddot + -0.210 xdot thetaddot + -0.261 ydot^2 +  0.220 ydot thetadot +  0.286 ydot yddot +  0.008 ydot thetaddot + -2.695 thetadot^2 + -1.068 thetadot yddot +  0.368 thetadot thetaddot +  1.117 yddot^2 +  0.051 thetaddot^2 +  1.087 sin(theta) +  1.405 cos(theta) + -2.121 sin(theta) x + -0.227 sin(theta) y + -2.980 sin(theta) theta + -0.306 sin(theta) xdot + -0.302 sin(theta) ydot +  0.117 sin(theta) thetadot + -0.618 sin(theta) yddot +  0.528 sin(theta) thetaddot + -3.523 cos(theta) x +  0.057 cos(theta) y + -3.456 cos(theta) theta +  2.105 cos(theta) xdot +  0.053 cos(theta) ydot +  2.438 cos(theta) thetadot +  0.102 cos(theta) yddot + -0.217 cos(theta) thetaddot + -0.372 lambda_N +  0.348 lambda_F
Hybrid,Full+λ,STLSQ,True,1,yddot,53,0.01,0.001325866412388103,0.2584741579967889,0.25278473196828405,0.33054293543247226,0.6832103632351827,-0.012 y + -2.569 theta +  1.838 xdot +  0.553 ydot +  2.029 thetadot +  0.080 xddot +  0.445 x y +  8.991 x theta + -4.556 x xdot + -0.315 x ydot + -7.063 x thetadot +  1.367 x xddot +  0.716 x thetaddot + -0.122 y^2 +  0.749 y theta +  1.365 y xdot + -0.094 y ydot +  1.470 y thetadot + -0.354 y xddot +  11.311 theta^2 + -2.222 theta xdot + -0.461 theta ydot + -5.238 theta thetadot +  1.249 theta xddot +  0.506 theta thetaddot +  1.764 xdot^2 +  0.199 xdot ydot +  2.491 xdot thetadot +  0.056 xdot xddot +  0.265 ydot^2 +  0.151 ydot thetadot +  0.626 thetadot^2 + -0.049 thetadot xddot + -0.026 xddot^2 + -0.192 sin(theta) +  0.856 cos(theta) + -0.788 sin(theta) x + -0.264 sin(theta) y + -1.054 sin(theta) theta +  2.088 sin(theta) xdot +  0.285 sin(theta) ydot +  1.940 sin(theta) thetadot + -0.142 sin(theta) xddot + -0.036 sin(theta) thetaddot + -2.830 cos(theta) x +  0.215 cos(theta) y + -3.249 cos(theta) theta + -0.650 cos(theta) xdot + -0.100 cos(theta) ydot + -0.639 cos(theta) thetadot +  0.136 cos(theta) xddot +  0.935 lambda_N +  0.099 lambda_F
Hybrid,Full+λ,STLSQ,True,2,thetaddot,50,0.01,3.6015308306699183e-06,0.046329270344245686,0.032141958001917686,-1.1644525886147696,0.6832103632351827, 0.248 x + -0.168 y +  0.025 xdot +  0.128 thetadot + -0.889 xddot +  0.372 yddot + -1.349 x^2 + -0.023 x y + -0.154 x theta + -0.012 x ydot + -0.768 x thetadot + -0.597 x xddot +  0.193 x yddot +  0.005 y^2 +  0.096 y xdot +  0.090 y thetadot +  1.394 theta^2 +  0.271 theta xdot + -0.016 theta ydot + -0.699 theta thetadot + -0.695 theta xddot +  0.267 theta yddot +  0.073 xdot^2 + -0.090 xdot ydot +  0.119 xdot thetadot + -0.109 xdot xddot + -0.228 xdot yddot + -0.092 ydot^2 + -0.075 ydot thetadot + -0.118 thetadot xddot + -0.183 thetadot yddot +  0.046 xddot^2 + -0.477 xddot yddot +  0.423 yddot^2 + -0.013 sin(theta) + -0.134 sin(theta) x +  0.007 sin(theta) y + -0.223 sin(theta) theta +  0.329 sin(theta) xdot +  0.011 sin(theta) ydot +  0.272 sin(theta) thetadot +  0.056 sin(theta) xddot + -0.147 sin(theta) yddot +  0.204 cos(theta) x +  0.347 cos(theta) theta +  0.111 cos(theta) xdot +  0.096 cos(theta) thetadot + -0.103 cos(theta) xddot + -0.127 lambda_N + -0.248 lambda_F
Hybrid,Full+λ,SR3_L1,True,0,xddot,5,0.5,0.0358831857297793,0.00035805282199062474,0.0004939260077588338,0.9437069194156515,0.2444067141626396,-0.055 y + -64355.399 thetaddot +  7.353 x theta +  64355.165 y thetaddot +  8.230 theta^2
Hybrid,Full+λ,SR3_L1,True,1,yddot,26,0.5,1.3502597994611338,3.1664850235090074,1.885628069229858,-3.993762962911611,0.2444067141626396,-0.042 y + -7.191 theta +  0.888 xdot + -0.177 thetadot + -413387.920 thetaddot +  39.315 x^2 +  110.018 x theta + -0.233 y xddot +  413387.591 y thetaddot +  76.664 theta^2 + -0.247 theta ydot + -0.877 theta thetadot + -0.516 xdot^2 +  0.552 xdot ydot + -0.012 ydot^2 +  0.510 ydot thetadot + -0.104 thetadot xddot + -2271.797 xddot thetaddot + -2271.743 thetaddot^2 +  2.510 cos(theta) + -8.064 sin(theta) x +  0.057 sin(theta) y + -9.238 sin(theta) theta +  0.140 cos(theta) y +  0.393 lambda_N
Hybrid,Full+λ,SR3_L1,True,2,thetaddot,1,0.5,0.2592605736163351,2.237192874019893e-05,2.2371929205064926e-05,0.9984934651436816,0.2444067141626396,-0.133 xddot
Hybrid,Full+λ,LASSO,True,0,xddot,3,0.5,0.00651198763675778,8.536522231696304e-05,8.536522243316385e-05,0.9902708679639375,0.6895518586697298,-0.333609 thetaddot -0.000000 y thetaddot +0.061169 cos(theta)
Hybrid,Full+λ,LASSO,True,1,yddot,1,0.5,0.07602658479796208,0.02870770832427687,0.0948564508193057,0.7487889374238241,0.6895518586697298,+0.482393 lambda_N
Hybrid,Full+λ,LASSO,True,2,thetaddot,2,0.5,0.14087765368902913,8.579440497924689e-05,8.57944043636726e-05,0.99422256974505,0.6895518586697298,-0.232985 xddot -0.186192 lambda_F
Hybrid,Full+λ,Ridge,True,0,xddot,64,0.01,1.4970467753022832e-06,0.011735075034479875,0.01177095268028317,-0.3415434242718953,0.6955024285014232,-0.660996 x -0.485592 y +0.090849 theta -0.416807 xdot -0.084464 ydot -0.341939 thetadot -0.093377 yddot +0.149238 thetaddot -0.578122 x^2 -1.194570 x y +0.146956 x theta +0.225312 x xdot +0.242219 x ydot +0.201700 x thetadot +0.208149 x yddot +0.162260 x thetaddot -0.053455 y^2 -0.686901 y theta +0.488707 y xdot +0.060232 y ydot -0.214172 y thetadot -0.175178 y yddot +0.149238 y thetaddot +0.510879 theta^2 +0.446746 theta xdot +0.359540 theta ydot -0.879375 theta thetadot +0.316261 theta yddot +0.162168 theta thetaddot +0.141624 xdot^2 -0.588523 xdot ydot -1.113176 xdot thetadot +0.476925 xdot yddot -0.077251 xdot thetaddot -0.357314 ydot^2 -0.578840 ydot thetadot +0.139138 ydot yddot -0.023443 ydot thetaddot -0.495333 thetadot^2 +0.258276 thetadot yddot -0.070347 thetadot thetaddot -0.390704 yddot^2 +0.000134 yddot thetaddot +0.131633 thetaddot^2 -0.001144 sin(theta) +0.249118 cos(theta) +0.784038 sin(theta) x +0.419505 sin(theta) y +0.039574 sin(theta) theta -0.710381 sin(theta) xdot -0.252854 sin(theta) ydot -0.562414 sin(theta) thetadot -0.162876 sin(theta) yddot +0.329011 sin(theta) thetaddot -0.905438 cos(theta) x -0.123870 cos(theta) y -0.555680 cos(theta) theta -0.363066 cos(theta) xdot +0.073661 cos(theta) ydot +0.277333 cos(theta) thetadot -0.003816 cos(theta) yddot +0.220810 cos(theta) thetaddot -0.428706 lambda_N +0.567025 lambda_F
Hybrid,Full+λ,Ridge,True,1,yddot,64,0.01,0.0013307550435040952,0.08804189557589938,0.06781254215980367,0.8204100973121282,0.6955024285014232,-0.057497 x +0.295081 y -0.511135 theta -0.226182 xdot +0.250521 ydot +0.095782 thetadot +0.288345 xddot +0.005387 thetaddot -0.075306 x^2 -0.004560 x y -0.123665 x theta +0.273658 x xdot -0.174915 x ydot -0.164581 x thetadot -0.331238 x xddot +0.211552 x thetaddot -0.253921 y^2 +0.352662 y theta +0.121091 y xdot +0.016732 y ydot -0.009799 y thetadot -0.206217 y xddot +0.005387 y thetaddot +0.242342 theta^2 +0.177415 theta xdot -0.220394 theta ydot -0.193884 theta thetadot -0.266825 theta xddot +0.199573 theta thetaddot -0.147073 xdot^2 +0.173988 xdot ydot +0.107109 xdot thetadot -0.000516 xdot xddot +0.076191 xdot thetaddot +0.185081 ydot^2 +0.098432 ydot thetadot +0.006123 ydot xddot +0.001675 ydot thetaddot -0.048207 thetadot^2 -0.153675 thetadot xddot +0.007323 thetadot thetaddot +0.006330 xddot^2 +0.020421 xddot thetaddot -0.020418 thetaddot^2 -0.313472 sin(theta) -0.089806 cos(theta) +0.196209 sin(theta) x -0.024721 sin(theta) y +0.246591 sin(theta) theta -0.041224 sin(theta) xdot +0.115741 sin(theta) ydot +0.024701 sin(theta) thetadot -0.110622 sin(theta) xddot -0.041515 sin(theta) thetaddot -0.317719 cos(theta) x +0.142068 cos(theta) y -0.483283 cos(theta) theta +0.007101 cos(theta) xdot -0.053027 cos(theta) ydot +0.038085 cos(theta) thetadot -0.007319 cos(theta) xddot -0.096690 cos(theta) thetaddot +0.942188 lambda_N +0.123165 lambda_F
Hybrid,Full+λ,Ridge,True,2,thetaddot,64,0.01,3.7796074283231236e-06,0.00925807887611571,0.0021799260442051794,0.8532028892238879,0.6955024285014232,+0.208005 x -0.107509 y +0.094021 theta -0.181136 xdot +0.030490 ydot +0.027933 thetadot -0.803610 xddot +0.450491 yddot -0.032419 x^2 -0.073465 x y +0.032584 x theta +0.047560 x xdot -0.015519 x ydot -0.184784 x thetadot -0.135355 x xddot +0.217438 x yddot +0.003305 y^2 +0.015036 y theta +0.123570 y xdot +0.003401 y ydot +0.069290 y thetadot -0.021985 y xddot -0.063235 y yddot +0.005124 theta^2 +0.137604 theta xdot -0.016744 theta ydot +0.037672 theta thetadot -0.228237 theta xddot +0.215752 theta yddot -0.022732 xdot^2 +0.050931 xdot ydot +0.028605 xdot thetadot -0.001890 xdot xddot -0.169846 xdot yddot -0.028178 ydot^2 +0.045011 ydot thetadot +0.007438 ydot xddot +0.035547 ydot yddot -0.025838 thetadot^2 +0.011991 thetadot xddot -0.061407 thetadot yddot +0.030192 xddot^2 -0.487172 xddot yddot +0.396857 yddot^2 -0.078865 sin(theta) +0.001814 cos(theta) -0.036443 sin(theta) x +0.016959 sin(theta) y +0.081984 sin(theta) theta +0.077993 sin(theta) xdot +0.005206 sin(theta) ydot +0.058974 sin(theta) thetadot +0.118487 sin(theta) xddot -0.112497 sin(theta) yddot -0.006482 cos(theta) x +0.011126 cos(theta) y +0.049665 cos(theta) theta +0.022911 cos(theta) xdot -0.003636 cos(theta) ydot -0.033990 cos(theta) thetadot -0.060026 cos(theta) xddot +0.011115 cos(theta) yddot -0.176689 lambda_N -0.286207 lambda_F
Hybrid,Full+λ,ElasticNet,True,0,xddot,6,0.5,0.003668905430929278,5.201030070992109e-05,5.2010300782835106e-05,0.9940723509044013,0.7341906266716746,-0.188866 thetaddot -0.188805 y thetaddot +0.042056 xdot thetaddot -0.041535 thetadot thetaddot +0.193242 cos(theta) +0.004879 lambda_F
Hybrid,Full+λ,ElasticNet,True,1,yddot,5,0.5,0.04440803092153453,0.012058358102009047,0.1412861413704425,0.625827854675193,0.7341906266716746,+0.032952 x^2 -0.022613 x xddot +0.090949 x thetaddot -0.043362 cos(theta) thetaddot +0.469443 lambda_N
Hybrid,Full+λ,ElasticNet,True,2,thetaddot,10,0.5,0.061562491885550755,0.000573941459250737,0.000573941460396799,0.9613505474808014,0.7341906266716746,+0.008130 x -0.209840 xddot -0.016445 x xdot +0.026845 x thetadot -0.046490 y xddot +0.039835 theta xdot -0.044413 theta thetadot +0.048569 xdot xddot -0.064032 thetadot xddot -0.239792 lambda_F
Hybrid,Full+λ,SR3_L0,True,0,xddot,25,0.5,0.013020970651150461,0.018895261081122244,0.018895261040966695,-1.1535056582013197,0.24667875316320456,-4.870 x + -5.886 theta + -2.501 xdot + -1.375 thetadot + -64369.765 thetaddot +  8.103 x^2 +  28.516 x theta +  13.438 x xdot +  8.426 x thetadot + -5.756 x thetaddot +  64370.799 y thetaddot +  21.693 theta^2 +  14.728 theta xdot +  8.010 theta thetadot + -5.514 theta thetaddot + -2.970 xdot thetadot + -1.800 thetadot^2 +  1.288 sin(theta) +  1.203 cos(theta) + -2.397 sin(theta) x + -3.392 sin(theta) theta + -3.584 cos(theta) x + -3.240 cos(theta) theta +  1.928 cos(theta) xdot +  2.373 cos(theta) thetadot
Hybrid,Full+λ,SR3_L0,True,1,yddot,37,0.5,0.35032484670043607,3.510888662372369,2.065660678484154,-4.470548491766002,0.24667875316320456,-11.546 x + -1.171 y + -18.003 theta +  9.153 xdot +  1.019 ydot +  9.001 thetadot + -1.966 xddot + -413403.390 thetaddot +  48.179 x^2 +  132.096 x theta + -10.905 x xdot + -20.945 x thetadot +  7.345 x xddot +  1.785 x thetaddot +  4.765 y xdot +  5.218 y thetadot + -1.832 y xddot +  413402.120 y thetaddot +  90.788 theta^2 + -13.936 theta thetadot +  8.203 theta xddot +  2.490 theta thetaddot +  4.285 xdot^2 +  2.634 xdot ydot + -1.472 xdot thetadot +  2.132 ydot thetadot + -3.774 thetadot^2 + -2286.770 xddot thetaddot + -2286.769 thetaddot^2 +  2.926 sin(theta) +  5.208 cos(theta) + -11.870 sin(theta) x + -14.522 sin(theta) theta +  7.391 sin(theta) xdot +  6.613 sin(theta) thetadot + -11.648 cos(theta) x + -12.122 cos(theta) theta
Hybrid,Full+λ,SR3_L0,True,2,thetaddot,11,0.5,0.16767226286084116,0.0017220776483190306,0.0017220776456872066,0.8840345875076772,0.24667875316320456, 2.067 xdot +  2.269 thetadot +  2.681 x^2 +  6.101 x theta + -4.548 x xdot + -5.694 x thetadot + -1.609 x xddot +  3.550 theta^2 + -4.523 theta xdot + -5.818 theta thetadot + -1.712 theta xddot
Hybrid,UC,STLSQ,False,0,xddot,1,0.5,0.0040128696530140045,3.8905875943890976e-05,3.8905876074113456e-05,0.995565871036064,0.7221444509502947, 0.845 cos(theta) thetadot^2
Hybrid,UC,STLSQ,False,1,yddot,1,0.5,0.10409523293594172,0.01740449718662235,0.6977234776771494,-0.8478011215653489,0.7221444509502947,-0.781 cos(theta) thetaddot
Hybrid,UC,STLSQ,False,2,thetaddot,2,0.5,0.032095148775612405,5.62436201848384e-05,5.624361999160599e-05,0.9962125316423899,0.7221444509502947,-1.445 cos(theta) + -1.094 cos(theta) yddot
Hybrid,UC,SR3_L1,False,0,xddot,1,0.5,0.011317407033226107,0.00011295641878358964,0.00011295641900547767,0.9871262806620633,0.6627325173735453, 0.123 cos(theta) thetadot^2
Hybrid,UC,SR3_L1,False,1,yddot,3,0.5,0.11045150887220126,0.051604972010724955,0.5428409323209807,-0.43762122913459534,0.6627325173735453, 0.221 sin(theta) cos(theta) + -0.065 sin(theta) xddot + -0.489 cos(theta) thetaddot
Hybrid,UC,SR3_L1,False,2,thetaddot,2,0.5,0.058712296121665085,0.00011905276847650118,0.00011905276791400601,0.9919829379505178,0.6627325173735453,-1.029 cos(theta) + -0.703 cos(theta) yddot
Hybrid,UC,LASSO,False,0,xddot,2,0.5,0.005017812489101006,8.935402235348787e-05,8.935402249339682e-05,0.9898162617279865,0.6270891356118081,-0.263869 thetaddot +0.208145 cos(theta) thetadot^2
Hybrid,UC,LASSO,False,1,yddot,1,0.5,0.17080768844142633,0.07883488772410797,0.471152271978756,-0.2477660913586881,0.6270891356118081,-0.280968 cos(theta) thetaddot
Hybrid,UC,LASSO,False,2,thetaddot,1,0.5,0.16165904777777526,7.14694571073506e-05,7.14694564810611e-05,0.995187217590226,0.6270891356118081,-0.371600 xddot
Hybrid,UC,Ridge,False,0,xddot,12,0.5,2.4948495034152676e-05,5.852379328823396e-07,1.1260736477179682e-05,0.9987166062608744,0.8471559411763848,-0.012212 sin(theta) +0.420434 cos(theta) +0.016937 thetadot^2 +0.010132 yddot -0.301995 thetaddot -0.012284 sin(theta) cos(theta) +0.012946 sin(theta) thetadot^2 -0.009155 sin(theta) yddot -0.065156 sin(theta) thetaddot +0.623797 cos(theta) thetadot^2 +0.319570 cos(theta) yddot +0.098532 cos(theta) thetaddot
Hybrid,UC,Ridge,False,1,yddot,12,0.5,0.05240604831516078,0.018517213459050986,1.07070483703054,-1.8355783659697118,0.8471559411763848,+0.400467 sin(theta) -0.130879 cos(theta) +0.171090 thetadot^2 -0.046189 xddot +0.089108 thetaddot +0.723066 sin(theta) cos(theta) -0.006039 sin(theta) thetadot^2 -0.567493 sin(theta) xddot -0.191987 sin(theta) thetaddot +0.176442 cos(theta) thetadot^2 -0.430498 cos(theta) xddot -0.991408 cos(theta) thetaddot
Hybrid,UC,Ridge,False,2,thetaddot,12,0.5,0.002708539973506566,0.0001378150587808997,0.0015009824846009363,0.8989232260192086,0.8471559411763848,-0.003054 sin(theta) -1.456723 cos(theta) +0.363007 thetadot^2 -0.169698 xddot +0.033720 yddot +0.000832 sin(theta) cos(theta) +0.331135 sin(theta) thetadot^2 +0.314049 sin(theta) xddot +0.007410 sin(theta) yddot +0.188103 cos(theta) thetadot^2 -0.231300 cos(theta) xddot -1.146840 cos(theta) yddot
Hybrid,UC,ElasticNet,False,0,xddot,3,0.5,0.002293650593603366,4.356284460170928e-05,4.356284468288012e-05,0.9950351131795145,0.6574713435979123,+0.103932 cos(theta) -0.326938 thetaddot +0.286621 cos(theta) thetadot^2
Hybrid,UC,ElasticNet,False,1,yddot,2,0.5,0.13770351267472364,0.055656741158882216,0.5305683172671061,-0.40511931027042514,0.6574713435979123,+0.002126 sin(theta) cos(theta) -0.424577 cos(theta) thetaddot
Hybrid,UC,ElasticNet,False,2,thetaddot,1,0.5,0.12542948170728277,0.00023681074239339695,0.00023681074144925416,0.9840530678836977,0.6574713435979123,-0.497280 xddot
Hybrid,UC,SR3_L0,False,0,xddot,0,0.5,0.01400916015936972,0.0001293624535326748,0.0001293624537701304,0.9852564738032045,0.5712133027513624, 0.000
Hybrid,UC,SR3_L0,False,1,yddot,0,0.5,0.2668498220219363,0.13721751579153824,0.3676965141892659,0.026218762801929585,0.5712133027513624, 0.000
Hybrid,UC,SR3_L0,False,2,thetaddot,2,0.5,0.039150535127290435,2.1969221789027915e-05,2.196922172990898e-05,0.9985205836296496,0.5712133027513624,-1.655 cos(theta) + -1.300 cos(theta) yddot
Hybrid,UC+λ,STLSQ,True,0,xddot,3,0.05,1.5928229655350152e-14,1.3238701640530555e-17,1.323774520437506e-17,0.9999999999999984,0.7767419625806796, 0.142 sin(theta) thetaddot +  0.621 cos(theta) thetadot^2 +  0.580 lambda_F
Hybrid,UC+λ,STLSQ,True,1,yddot,2,0.05,0.0016859362987998818,3.263679187522467e-05,0.0015197690940864442,0.995975151866865,0.7767419625806796, 0.169 sin(theta) thetadot^2 +  0.981 lambda_N
Hybrid,UC+λ,STLSQ,True,2,thetaddot,10,0.05,0.0012319944323678576,2.7308790545774314e-05,0.0002862394187408236,0.9807245205528488,0.7767419625806796,-1.080 cos(theta) +  0.127 thetadot^2 + -2.168 xddot +  0.072 yddot +  0.086 sin(theta) thetadot^2 +  1.273 cos(theta) thetadot^2 + -0.107 cos(theta) xddot + -0.856 cos(theta) yddot + -0.079 lambda_N +  1.027 lambda_F
Hybrid,UC+λ,SR3_L1,True,0,xddot,2,0.5,0.010699035539818096,0.00010644828360187071,0.00010644828380853647,0.9878680172245042,0.7248077834670977, 0.119 cos(theta) thetadot^2 +  0.035 lambda_F
Hybrid,UC+λ,SR3_L1,True,1,yddot,5,0.5,0.16060820486142194,0.020479597794465433,0.13627624962811016,0.6390956948390669,0.7248077834670977,-108.469 xddot +  14.910 sin(theta) thetaddot +  67.163 cos(theta) thetadot^2 +  0.445 lambda_N +  62.690 lambda_F
Hybrid,UC+λ,SR3_L1,True,2,thetaddot,5,0.5,0.023458764590826114,0.0015685401774192913,0.0015685401776047944,0.8943738633607694,0.7248077834670977,-0.845 cos(theta) + -0.935 xddot +  0.390 cos(theta) thetadot^2 + -0.549 cos(theta) yddot +  0.235 lambda_F
Hybrid,UC+λ,LASSO,True,0,xddot,2,0.5,0.005017812489101006,8.935402235348787e-05,8.935402249339682e-05,0.9898162617279865,0.68967823405216,-0.263869 thetaddot +0.208145 cos(theta) thetadot^2
Hybrid,UC+λ,LASSO,True,1,yddot,1,0.5,0.07602658479796211,0.02870770832427687,0.09485645081930578,0.7487889374238239,0.68967823405216,+0.482393 lambda_N
Hybrid,UC+λ,LASSO,True,2,thetaddot,2,0.5,0.14087772866156922,8.579405274502601e-05,8.579405212945285e-05,0.9942225934646463,0.68967823405216,-0.232984 xddot -0.186193 lambda_F
Hybrid,UC+λ,Ridge,True,0,xddot,14,0.5,5.181959536746539e-08,4.650728888194885e-10,3.047023065737158e-08,0.9999965272872396,0.7772001627589361,-0.000495 sin(theta) +0.015842 cos(theta) +0.000810 thetadot^2 -0.001581 yddot -0.016010 thetaddot -0.001341 sin(theta) cos(theta) +0.001031 sin(theta) thetadot^2 -0.000071 sin(theta) yddot +0.131501 sin(theta) thetaddot +0.619996 cos(theta) thetadot^2 +0.011595 cos(theta) yddot +0.004331 cos(theta) thetaddot +0.002265 lambda_N +0.554233 lambda_F
Hybrid,UC+λ,Ridge,True,1,yddot,14,0.5,0.0014211630774126915,4.5393729256220004e-05,2.88961208794303e-05,0.999923473573302,0.7772001627589361,-0.003527 sin(theta) +0.002537 cos(theta) -0.014313 thetadot^2 +0.002647 xddot +0.005891 thetaddot -0.004164 sin(theta) cos(theta) +0.154302 sin(theta) thetadot^2 +0.003334 sin(theta) xddot +0.003515 sin(theta) thetaddot -0.002953 cos(theta) thetadot^2 +0.005743 cos(theta) xddot -0.047583 cos(theta) thetaddot +0.945003 lambda_N +0.006870 lambda_F
Hybrid,UC+λ,Ridge,True,2,thetaddot,14,0.5,0.0010160903374818154,6.094251964668632e-05,9.026888151372333e-05,0.9939212566249983,0.7772001627589361,-0.003481 sin(theta) -1.350442 cos(theta) +0.167536 thetadot^2 -1.410059 xddot +0.117190 yddot +0.046786 sin(theta) cos(theta) +0.116126 sin(theta) thetadot^2 +0.087012 sin(theta) xddot -0.019469 sin(theta) yddot +0.875665 cos(theta) thetadot^2 -0.129527 cos(theta) xddot -1.053083 cos(theta) yddot -0.129737 lambda_N +0.722358 lambda_F
Hybrid,UC+λ,ElasticNet,True,0,xddot,4,0.5,0.002067581596650068,3.9511547880930106e-05,3.951154795348408e-05,0.9954968422030455,0.7239791798122464,+0.073530 cos(theta) -0.259566 thetaddot +0.304727 cos(theta) thetadot^2 +0.109013 lambda_F
Hybrid,UC+λ,ElasticNet,True,1,yddot,2,0.5,0.04709881162776152,0.014218979817603861,0.10021638052117586,0.7345940816801138,0.7239791798122464,-0.109465 cos(theta) thetaddot +0.519469 lambda_N
Hybrid,UC+λ,ElasticNet,True,2,thetaddot,2,0.5,0.08686257168537857,0.00036542539402277427,0.0003654253931678441,0.9753921046707696,0.7239791798122464,-0.320484 xddot -0.296837 lambda_F
Hybrid,UC+λ,SR3_L0,True,0,xddot,0,0.5,0.01400916015936972,0.0001293624535326748,0.0001293624537701304,0.9852564738032045,0.6707025360896383, 0.000
Hybrid,UC+λ,SR3_L0,True,1,yddot,4,0.5,0.2678115101176154,0.1376481987432373,0.367087237949545,0.027832326563389187,0.6707025360896383,-128.457 xddot +  18.181 sin(theta) thetaddot +  79.767 cos(theta) thetadot^2 +  74.516 lambda_F
Hybrid,UC+λ,SR3_L0,True,2,thetaddot,3,0.5,0.5030152154459526,0.030019854084050356,0.03001985410648852,-1.0215492449697714,0.6707025360896383,-1.136 cos(theta) + -1.832 xddot +  1.132 cos(theta) thetadot^2
