model_type,library,optimizer,with_lambda,dof,dof_name,n_terms,threshold,mse_train,mse_val,mse_test,r2_test,bic,equation
SINDy,Full,STLSQ,False,0,xddot,3,0.077426,4.5080381811115815e-06,0.002706573057721708,0.003898037454661439,0.555738039485449,-1160.6224132592254,-9147831.530 thetaddot +  9147830.779 y thetaddot +  0.257 cos(theta) thetadot
SINDy,Full,STLSQ,False,1,yddot,0,0.359381,0.23862021056058919,0.24647519412871835,0.3990677673287227,-0.056862627735456917,-278.6982906573034, 0.000
SINDy,Full,STLSQ,False,2,thetaddot,23,0.016681,2.8160817723122354e-17,0.0001622057529268541,0.011963125455011296,0.19439824240086578,-1614.856333843644,-1.054 xddot +  0.017 x xddot + -0.001 x yddot + -0.002 y xdot + -0.003 y thetadot +  0.004 y xddot +  0.027 theta xddot +  0.002 xdot xddot +  0.011 xdot yddot +  0.002 thetadot^2 +  0.002 thetadot xddot +  0.013 thetadot yddot + -0.083 xddot yddot +  0.001 sin(theta) +  0.018 cos(theta) + -0.024 cos(theta) x + -0.040 cos(theta) theta + -0.002 cos(theta) xdot + -0.002 cos(theta) thetadot
SINDy,Full,SR3_L1,False,0,xddot,8,0.027826,0.0016308054598799585,0.008027897880884595,0.014450562167824038,-0.6469403267374445,-917.7952425331245, 0.710 yddot + -0.310 thetaddot + -0.310 y thetaddot +  0.608 theta yddot +  0.024 xdot thetaddot + -0.024 thetadot thetaddot +  1.489 yddot^2 +  0.136 sin(theta) yddot
SINDy,Full,SR3_L1,False,1,yddot,61,31.622777,753.1306433190208,1.525366360556486e+17,2.7197591863756432e+17,-7.202816353125512e+17,8196.561652816954,-39625289.070 1 +  21550445.550 x +  31515631.127 y + -115623328.053 theta +  32143454.880 xdot +  113786911.801 ydot +  53673561.863 thetadot + -1250176511.573 xddot +  3214922895.660 thetaddot + -6658887.872 x^2 + -14105146.806 x y + -45464047.123 x theta +  31899899.989 x xdot + -5650776.992 x ydot +  31180380.324 x thetadot + -174649566.803 x xddot + -302271472.594 x thetaddot + -28030799.672 y theta +  19465045.685 y xdot +  17088673.423 y thetadot +  61051675.225 y xddot + -4283138886.522 y thetaddot +  87753707.464 theta^2 +  39418879.881 theta xdot + -111634689.456 theta ydot +  25164173.300 theta thetadot +  528097492.513 theta xddot +  309519144.101 theta thetaddot + -73086531.555 xdot^2 + -9147908.062 xdot ydot + -196083716.018 xdot thetadot + -824913611.106 xdot xddot + -824450005.559 xdot thetaddot +  11.808 ydot^2 + -12856647.636 ydot thetadot +  8728779.236 ydot xddot +  7329969.543 ydot thetaddot + -127289659.212 thetadot^2 +  692750721.254 thetadot xddot +  674353204.562 thetadot thetaddot + -433144117.420 xddot^2 + -105046299.825 xddot thetaddot +  329310216.452 thetaddot^2 + -81644712.112 sin(theta) +  76296236.983 cos(theta) +  97223363.933 sin(theta) x + -4646173.060 sin(theta) y +  149175579.953 sin(theta) theta + -81535.817 sin(theta) xdot + -7386582.935 sin(theta) ydot + -1724770.142 sin(theta) thetadot +  137077572.052 sin(theta) xddot +  137910897.297 sin(theta) thetaddot + -94290629.334 cos(theta) x + -20068759.202 cos(theta) y + -147667020.552 cos(theta) theta + -25294050.327 cos(theta) xdot + -4091209.148 cos(theta) ydot + -24593860.022 cos(theta) thetadot +  6990825.953 cos(theta) xddot +  9715557.760 cos(theta) thetaddot
SINDy,Full,SR3_L1,False,2,thetaddot,19,0.001585,1.2497226998103263e-05,0.00035563393320598027,0.01615097292901137,-0.08761311811682515,-1479.8073264292818,-0.002 x +  0.006 theta + -0.857 xddot + -0.006 x^2 +  0.003 y xdot + -0.007 y thetadot + -0.108 y xddot + -0.057 theta xddot +  0.007 xdot xddot + -0.001 ydot xddot + -0.004 thetadot xddot + -0.085 xddot yddot + -0.028 cos(theta) +  0.006 cos(theta) y +  0.015 cos(theta) theta +  0.004 cos(theta) xddot
SINDy,Full,LASSO,False,0,xddot,7,0.01,3.574872851178556e-06,0.002907153138047891,0.0040471863180827055,0.5387394428216814,-1125.2224811923727,-0.011600 x -0.709183 thetaddot -0.006770 y thetaddot -0.031404 thetadot thetaddot -0.209565 cos(theta) xdot +0.024023 cos(theta) thetadot -0.010730 cos(theta) yddot
SINDy,Full,LASSO,False,1,yddot,14,0.000631,0.0016832031140119846,0.003734673975124013,0.5083038998297835,-0.34615581423235686,-1038.322588366666,-0.098384 x +0.036496 theta +0.009295 ydot +0.161623 x^2 -0.343215 x y -0.060653 y^2 +0.018989 y ydot +0.070239 theta ydot +0.150187 ydot thetaddot -0.158952 xddot^2 +0.140323 cos(theta) +0.140157 sin(theta) xdot -0.029446 sin(theta) thetadot +0.272905 cos(theta) thetadot
SINDy,Full,LASSO,False,2,thetaddot,1,0.599484,0.12167770368049238,0.015694731670424695,0.043637957886967935,-1.9385979194134575,-821.4383020569136,-0.397597 xddot
SINDy,Full,Ridge,False,0,xddot,62,0.129155,7.231484033801374e-09,0.0009861549609318121,0.09710639496792052,-10.06728139704231,-1049.2328147169028,-0.002505 x -0.003171 y +0.003605 theta +0.001863 xdot -0.001768 ydot -0.004777 thetadot +0.003953 yddot -0.091399 thetaddot +0.005229 x^2 -0.008007 x y -0.004455 x theta +0.021288 x xdot +0.013151 x ydot -0.020496 x thetadot -0.039405 x yddot +0.066784 x thetaddot +0.000492 y^2 +0.003832 y theta -0.028450 y xdot -0.001778 y ydot +0.024808 y thetadot -0.006904 y yddot -0.091399 y thetaddot +0.004552 theta^2 -0.014986 theta xdot -0.002460 theta ydot +0.013462 theta thetadot +0.008714 theta yddot -0.074863 theta thetaddot -0.008745 xdot^2 +0.000186 xdot ydot +0.012673 xdot thetadot -0.012156 xdot yddot +0.102357 xdot thetaddot +0.001383 ydot^2 -0.026723 ydot thetadot +0.008020 ydot yddot -0.042142 ydot thetaddot -0.017407 thetadot^2 +0.008421 thetadot yddot -0.109670 thetadot thetaddot -0.004143 yddot^2 -0.000073 yddot thetaddot +0.036714 thetaddot^2 +0.016002 sin(theta) +0.045915 cos(theta) +0.023734 sin(theta) x -0.001142 sin(theta) y -0.008405 sin(theta) theta -0.019320 sin(theta) xdot -0.005188 sin(theta) ydot +0.020893 sin(theta) thetadot -0.010582 sin(theta) yddot +0.061161 sin(theta) thetaddot -0.054459 cos(theta) x +0.017054 cos(theta) y +0.050092 cos(theta) theta -0.078526 cos(theta) xdot -0.023625 cos(theta) ydot +0.082324 cos(theta) thetadot -0.006297 cos(theta) yddot -0.005969 cos(theta) thetaddot
SINDy,Full,Ridge,False,1,yddot,62,3.162278,0.0016682238070143398,0.004736376879991086,0.5221310859097622,-0.38277474818558677,-736.9591794333656,-0.060922 x -0.026195 y +0.061810 theta +0.008578 xdot +0.050344 ydot -0.017181 thetadot +0.022270 xddot -0.010666 thetaddot +0.076407 x^2 -0.064030 x y -0.071978 x theta +0.033912 x xdot -0.024161 x ydot -0.030608 x thetadot -0.020459 x xddot +0.020412 x thetaddot -0.076281 y^2 +0.019612 y theta +0.015515 y xdot +0.000653 y ydot -0.024592 y thetadot +0.021728 y xddot -0.010666 y thetaddot +0.069992 theta^2 -0.020432 theta xdot +0.051089 theta ydot +0.015260 theta thetadot +0.020846 theta xddot -0.016747 theta thetaddot +0.012449 xdot^2 +0.024197 xdot ydot -0.003913 xdot thetadot -0.011832 xdot xddot +0.006938 xdot thetaddot -0.000951 ydot^2 -0.038365 ydot thetadot +0.012419 ydot xddot +0.174406 ydot thetaddot -0.005005 thetadot^2 +0.018124 thetadot xddot -0.013349 thetadot thetaddot -0.048519 xddot^2 +0.047639 xddot thetaddot -0.047639 thetaddot^2 -0.015376 sin(theta) +0.062233 cos(theta) -0.032375 sin(theta) x -0.026843 sin(theta) y +0.015549 sin(theta) theta +0.093203 sin(theta) xdot +0.051352 sin(theta) ydot -0.090988 sin(theta) thetadot +0.036436 sin(theta) xddot -0.019054 sin(theta) thetaddot -0.026289 cos(theta) x +0.045151 cos(theta) y +0.041681 cos(theta) theta -0.085049 cos(theta) xdot +0.002604 cos(theta) ydot +0.091886 cos(theta) thetadot -0.033981 cos(theta) xddot +0.025598 cos(theta) thetaddot
SINDy,Full,Ridge,False,2,thetaddot,62,0.0001,3.304956003214161e-10,0.012255265862536724,0.11293192744221113,-6.604882150457836,-547.7732149046404,-0.012227 x -0.006435 y +0.009248 theta -0.006583 xdot +0.001011 ydot +0.010730 thetadot -0.152959 xddot +0.006797 yddot +0.016567 x^2 +0.005956 x y -0.014878 x theta -0.023552 x xdot -0.011619 x ydot +0.033292 x thetadot +0.122788 x xddot -0.002436 x yddot -0.000110 y^2 -0.018924 y theta +0.037685 y xdot +0.000094 y ydot -0.030777 y thetadot -0.129853 y xddot -0.031365 y yddot +0.012619 theta^2 +0.017132 theta xdot +0.001388 theta ydot -0.022862 theta thetadot -0.131334 theta xddot +0.007546 theta yddot +0.016863 xdot^2 +0.038151 xdot ydot -0.019050 xdot thetadot +0.083885 xdot xddot -0.037522 xdot yddot -0.016602 ydot^2 +0.027017 ydot thetadot -0.018681 ydot xddot +0.012242 ydot yddot +0.026599 thetadot^2 -0.162970 thetadot xddot +0.040684 thetadot yddot +0.002135 xddot^2 -0.040558 xddot yddot -0.005947 yddot^2 -0.040930 sin(theta) -0.041965 cos(theta) +0.027996 sin(theta) x -0.009469 sin(theta) y -0.037868 sin(theta) theta -0.041111 sin(theta) xdot +0.026404 sin(theta) ydot +0.047803 sin(theta) thetadot +0.008653 sin(theta) xddot +0.008811 sin(theta) yddot +0.068299 cos(theta) x +0.016512 cos(theta) y -0.055167 cos(theta) theta +0.059058 cos(theta) xdot +0.017782 cos(theta) ydot -0.102500 cos(theta) thetadot -0.023478 cos(theta) xddot -0.018978 cos(theta) yddot
SINDy,Full,ElasticNet,False,0,xddot,16,0.001585,1.770082690641804e-07,0.002678228124211065,0.003940626649553313,0.5508841201890159,-1093.9044931128758,-0.165738 thetaddot +0.027360 x^2 -0.005356 x theta +0.000196 x ydot +0.060847 x thetaddot -0.127408 y thetaddot -0.096499 theta thetaddot +0.114605 xdot thetaddot -0.005396 ydot thetadot -0.015988 ydot thetaddot -0.124216 thetadot thetaddot +0.022427 cos(theta) -0.021043 cos(theta) x +0.034939 cos(theta) theta -0.118167 cos(theta) xdot +0.112923 cos(theta) thetadot
SINDy,Full,ElasticNet,False,1,yddot,24,0.001585,0.0017175441446059976,0.0037616177097308037,0.5435435548939422,-0.43948200467088316,-983.9590124660903,-0.074203 x +0.070010 theta +0.007850 ydot +0.086611 x^2 -0.161828 x y -0.114354 x theta +0.066547 x xdot -0.029947 x thetadot -0.050801 y^2 -0.000115 y xdot +0.021297 y ydot +0.119787 theta^2 -0.004799 theta xdot +0.027852 theta ydot +0.142638 ydot thetaddot -0.051673 xddot^2 +0.044285 xddot thetaddot -0.044587 thetaddot^2 +0.095415 cos(theta) +0.087323 sin(theta) xdot +0.030036 sin(theta) ydot -0.056744 sin(theta) thetadot -0.074169 cos(theta) xdot +0.156040 cos(theta) thetadot
SINDy,Full,ElasticNet,False,2,thetaddot,13,1.0,0.09853694521746847,0.011979484655074127,0.05912333970194952,-2.9813898598772353,-811.6744184394081,-0.076789 xddot -0.029616 x xdot +0.027932 x thetadot +0.061853 x xddot -0.064026 y xddot +0.010709 theta xdot -0.009727 theta thetadot -0.069954 theta xddot +0.035876 xdot xddot -0.036438 thetadot xddot +0.015641 cos(theta) xdot -0.024328 cos(theta) thetadot -0.006028 cos(theta) xddot
SINDy,Full,SR3_L0,False,0,xddot,3,0.129155,0.00944274935224747,0.003385425436530444,0.01289542103688569,-0.4696998420721956,-1116.0869493563362, 1.384 yddot +  1.227 theta yddot +  2.482 yddot^2
SINDy,Full,SR3_L0,False,1,yddot,61,0.0001,1.2489586306403454e-07,1.5253777631064573e+17,2.7197693822872003e+17,-7.202843355250871e+17,8196.563140393331,-39626237.753 1 +  21551255.833 x +  31516782.507 y + -115624134.264 theta +  32144214.740 xdot +  113787738.535 ydot +  53674586.486 thetadot + -1250177488.087 xddot +  3214923851.278 thetaddot + -6659669.776 x^2 + -14105841.061 x y + -45465156.485 x theta +  31900846.895 x xdot + -5650719.349 x ydot +  31181401.628 x thetadot + -174650472.611 x xddot + -302272466.360 x thetaddot + -28031685.895 y theta +  19466033.253 y xdot +  17089653.655 y thetadot +  61052760.514 y xddot + -4283139828.271 y thetaddot +  87754815.277 theta^2 +  39419760.693 theta xdot + -111635776.672 theta ydot +  25165105.564 theta thetadot +  528098397.352 theta xddot +  309520131.647 theta thetaddot + -73087215.769 xdot^2 + -9148956.556 xdot ydot + -196084787.064 xdot thetadot + -824914480.541 xdot xddot + -824451026.169 xdot thetaddot +  12.540 ydot^2 + -12857409.144 ydot thetadot +  8729487.154 ydot xddot +  7330417.410 ydot thetaddot + -127290635.165 thetadot^2 +  692751698.878 thetadot xddot +  674354115.123 thetadot thetaddot + -433145361.793 xddot^2 + -105046954.810 xddot thetaddot +  329310871.437 thetaddot^2 + -81645674.632 sin(theta) +  76297101.064 cos(theta) +  97224092.470 sin(theta) x + -4646642.260 sin(theta) y +  149176668.993 sin(theta) theta + -82417.052 sin(theta) xdot + -7387449.150 sin(theta) ydot + -1725618.645 sin(theta) thetadot +  137078438.221 sin(theta) xddot +  137911891.715 sin(theta) thetaddot + -94291426.545 cos(theta) x + -20069408.274 cos(theta) y + -147668090.103 cos(theta) theta + -25294866.319 cos(theta) xdot + -4092421.046 cos(theta) ydot + -24594896.551 cos(theta) thetadot +  6991762.268 cos(theta) xddot +  9716506.861 cos(theta) thetaddot
SINDy,Full,SR3_L0,False,2,thetaddot,3,0.003981,6.489584055265988e-06,0.007942417790254246,0.05156037196680729,-2.4720965215261015,-946.3920564808236,-0.905 xddot + -0.141 y xddot + -0.102 xddot yddot
SINDy,Full+λ,STLSQ,True,0,xddot,9,0.046416,2.753414634077001e-08,0.00199647717450944,0.0028990285496698085,0.6695957588802013,-1189.4180983689905,-2012476.701 thetaddot + -0.451 x thetaddot +  2012475.160 y thetaddot +  0.180 xdot thetaddot +  0.941 thetadot thetaddot +  0.333 sin(theta) thetaddot + -0.276 cos(theta) x +  0.621 cos(theta) xdot +  0.878 cos(theta) thetadot
SINDy,Full+λ,STLSQ,True,1,yddot,1,0.129155,0.004512684742267224,0.0007478210270047318,0.04429680129314332,0.8826875091207665,-1427.1777237638207, 0.990 lambda_N
SINDy,Full+λ,STLSQ,True,2,thetaddot,24,0.016681,2.2088288273460306e-17,0.00017401716662066515,0.012257566841604473,0.1745704390863042,-1595.575648577084,-1.063 xddot +  0.032 x xddot + -0.003 y xdot + -0.004 y thetadot +  0.004 y xddot +  0.051 theta xddot +  0.008 xdot xddot +  0.009 xdot yddot +  0.002 thetadot^2 +  0.008 thetadot xddot +  0.011 thetadot yddot + -0.083 xddot yddot +  0.001 sin(theta) +  0.009 cos(theta) + -0.014 cos(theta) x + -0.022 cos(theta) theta + -0.013 cos(theta) xdot + -0.011 cos(theta) thetadot
SINDy,Full+λ,SR3_L1,True,0,xddot,7,0.046416,0.004292405812313122,0.010171565522818823,0.01134442414515338,-0.2929316791472918,-875.9905361591582, 0.356 yddot + -0.185 thetaddot + -0.185 y thetaddot +  0.259 theta yddot +  0.032 xdot thetaddot + -0.052 thetadot thetaddot +  0.675 yddot^2
SINDy,Full+λ,SR3_L1,True,1,yddot,62,31.622777,1243.5218265631986,8.458521888472704e+16,1.4528537942328474e+17,-3.847634423011546e+17,8084.515548921002, 9311225.940 1 + -58867499.923 x +  2159239.159 y +  37686413.286 theta +  101098823.046 xdot +  43747555.639 ydot +  120838378.160 thetadot + -1402980218.094 xddot +  3017877109.394 thetaddot + -75966181.598 x^2 +  5920463.694 x y +  23270668.983 x theta + -83179249.009 x xdot + -1379732.420 x ydot + -162091707.325 x thetadot + -299364675.544 x xddot + -305172126.047 x thetaddot + -246238.172 y theta +  55127631.346 y xdot +  65617358.551 y thetadot +  95245553.704 y xddot + -4292009664.627 y thetaddot +  32777925.713 theta^2 +  184280187.573 theta xdot + -39622423.606 theta ydot +  76521557.436 theta thetadot +  418780605.522 theta xddot +  429822940.451 theta thetaddot +  143929793.125 xdot^2 + -21013122.417 xdot ydot + -69115312.541 xdot thetadot + -751866695.503 xdot xddot + -804275747.619 xdot thetaddot + -19705178.749 ydot thetadot +  10921886.236 ydot xddot +  9436843.663 ydot thetaddot + -214494522.857 thetadot^2 +  738444246.825 thetadot xddot +  666182606.159 thetadot thetaddot + -167345256.573 xddot^2 + -128662888.710 xddot thetaddot +  39168369.819 thetaddot^2 +  16294141.041 sin(theta) +  76696176.792 cos(theta) +  19804675.824 sin(theta) x + -20580975.517 sin(theta) y +  18415894.375 sin(theta) theta + -83399185.285 sin(theta) xdot +  2431197.469 sin(theta) ydot + -81682229.283 sin(theta) thetadot +  219809483.350 sin(theta) xddot +  220596902.540 sin(theta) thetaddot + -48771458.913 cos(theta) x + -26100741.993 cos(theta) y + -100553516.580 cos(theta) theta + -214958757.561 cos(theta) xdot +  7402546.915 cos(theta) ydot + -213802141.533 cos(theta) thetadot + -69990633.746 cos(theta) xddot + -74383961.592 cos(theta) thetaddot + -3309364.276 lambda_N + -5099860.437 lambda_F
SINDy,Full+λ,SR3_L1,True,2,thetaddot,18,0.001585,1.702018784928632e-05,0.0002419440370196623,0.015010016628132162,-0.010780654494447317,-1561.7545311514873,-0.008 x +  0.005 theta + -0.855 xddot + -0.008 x^2 +  0.004 y xdot + -0.007 y thetadot + -0.110 y xddot + -0.060 theta xddot +  0.006 xdot xddot +  0.001 ydot thetadot + -0.001 ydot xddot + -0.003 thetadot xddot + -0.085 xddot yddot + -0.024 cos(theta) +  0.006 cos(theta) y +  0.009 cos(theta) theta +  0.004 cos(theta) xddot
SINDy,Full+λ,LASSO,True,0,xddot,6,0.01,3.883166821024236e-06,0.002863298650636713,0.0039979559959477315,0.5443502558738476,-1133.5405789926413,-0.714811 thetaddot -0.006864 y thetaddot -0.019816 thetadot thetaddot -0.223118 cos(theta) xdot +0.017730 cos(theta) thetadot +0.019108 lambda_N
SINDy,Full+λ,LASSO,True,1,yddot,10,0.003981,0.0016691275215536877,0.0007213777499556628,0.06167993007738259,0.8366512699923836,-1386.702130687438,+0.004580 x^2 -0.056674 x y -0.038117 x theta +0.018545 y ydot +0.003813 theta^2 +0.039095 ydot thetaddot -0.210953 cos(theta) x +0.000690 cos(theta) xddot -0.012546 cos(theta) thetaddot +0.672860 lambda_N
SINDy,Full+λ,LASSO,True,2,thetaddot,1,0.599484,0.12167770368049238,0.015694731670424695,0.043637957886967935,-1.9385979194134575,-821.4383020569136,-0.397597 xddot
SINDy,Full+λ,Ridge,True,0,xddot,64,0.129155,7.982574266738696e-09,0.0010415520025218931,0.08553798415509409,-8.748821806153032,-1027.7701214695016,-0.001873 x -0.002961 y +0.003041 theta +0.002308 xdot -0.001806 ydot -0.006343 thetadot +0.003874 yddot -0.090799 thetaddot +0.005068 x^2 -0.007203 x y -0.004186 x theta +0.019138 x xdot +0.012870 x ydot -0.017772 x thetadot -0.037321 x yddot +0.066345 x thetaddot +0.000307 y^2 +0.003480 y theta -0.027898 y xdot -0.001590 y ydot +0.023263 y thetadot -0.006650 y yddot -0.090799 y thetaddot +0.004259 theta^2 -0.013413 theta xdot -0.002449 theta ydot +0.011138 theta thetadot +0.008348 theta yddot -0.074279 theta thetaddot -0.007991 xdot^2 -0.001187 xdot ydot +0.013198 xdot thetadot -0.011482 xdot yddot +0.102140 xdot thetaddot +0.001322 ydot^2 -0.025727 ydot thetadot +0.008419 ydot yddot -0.042011 ydot thetaddot -0.019312 thetadot^2 +0.007899 thetadot yddot -0.110656 thetadot thetaddot -0.004059 yddot^2 -0.000068 yddot thetaddot +0.035324 thetaddot^2 +0.015356 sin(theta) +0.042639 cos(theta) +0.024064 sin(theta) x -0.001055 sin(theta) y -0.008975 sin(theta) theta -0.017036 sin(theta) xdot -0.005148 sin(theta) ydot +0.019792 sin(theta) thetadot -0.010023 sin(theta) yddot +0.066643 sin(theta) thetaddot -0.049020 cos(theta) x +0.015463 cos(theta) y +0.045535 cos(theta) theta -0.078810 cos(theta) xdot -0.023572 cos(theta) ydot +0.083263 cos(theta) thetadot -0.005710 cos(theta) yddot -0.010637 cos(theta) thetaddot +0.010402 lambda_N +0.018414 lambda_F
SINDy,Full+λ,Ridge,True,1,yddot,64,3.162278,0.0016356790229095845,0.0035715885862766597,0.3666955975920166,0.028869518968467123,-782.5427064207094,-0.050795 x -0.019497 y +0.051488 theta +0.007446 xdot +0.043695 ydot -0.014206 thetadot +0.020035 xddot -0.010261 thetaddot +0.062418 x^2 -0.052967 x y -0.059108 x theta +0.030468 x xdot -0.021499 x ydot -0.027675 x thetadot -0.021018 x xddot +0.020957 x thetaddot -0.070505 y^2 +0.019218 y theta +0.017159 y xdot +0.004227 y ydot -0.024317 y thetadot +0.020212 y xddot -0.010261 y thetaddot +0.057632 theta^2 -0.018492 theta xdot +0.044317 theta ydot +0.014294 theta thetadot +0.020507 theta xddot -0.017060 theta thetaddot +0.008266 xdot^2 +0.025395 xdot ydot -0.001309 xdot thetadot -0.007972 xdot xddot +0.003793 xdot thetaddot +0.004188 ydot^2 -0.036012 ydot thetadot +0.010282 ydot xddot +0.142657 ydot thetaddot -0.005988 thetadot^2 +0.013114 thetadot xddot -0.009046 thetadot thetaddot -0.040179 xddot^2 +0.039422 xddot thetaddot -0.039422 thetaddot^2 -0.012629 sin(theta) +0.054388 cos(theta) -0.026055 sin(theta) x -0.020160 sin(theta) y +0.012229 sin(theta) theta +0.068058 sin(theta) xdot +0.044296 sin(theta) ydot -0.065532 sin(theta) thetadot +0.037184 sin(theta) xddot -0.022601 sin(theta) thetaddot -0.028976 cos(theta) x +0.038164 cos(theta) y +0.039877 cos(theta) theta -0.071056 cos(theta) xdot -0.001728 cos(theta) ydot +0.076361 cos(theta) thetadot -0.019512 cos(theta) xddot +0.012539 cos(theta) thetaddot +0.166792 lambda_N -0.041698 lambda_F
SINDy,Full+λ,Ridge,True,2,thetaddot,64,0.0001,3.500930914150938e-10,0.01420452410752891,0.11415911837115908,-6.687521689179388,-507.8132496506555,-0.010325 x -0.002620 y +0.007714 theta -0.006212 xdot -0.001088 ydot +0.009266 thetadot -0.151630 xddot +0.005424 yddot +0.014577 x^2 +0.008253 x y -0.013064 x theta -0.027215 x xdot -0.011290 x ydot +0.036047 x thetadot +0.120636 x xddot -0.001535 x yddot -0.000211 y^2 -0.016094 y theta +0.037638 y xdot +0.000182 y ydot -0.033259 y thetadot -0.126388 y xddot -0.027380 y yddot +0.011060 theta^2 +0.019350 theta xdot -0.000685 theta ydot -0.024713 theta thetadot -0.130045 theta xddot +0.006195 theta yddot +0.019386 xdot^2 +0.035031 xdot ydot -0.020206 xdot thetadot +0.090082 xdot xddot -0.035798 xdot yddot -0.013677 ydot^2 +0.025964 ydot thetadot -0.018592 ydot xddot +0.008174 ydot yddot +0.025410 thetadot^2 -0.155057 thetadot xddot +0.038957 thetadot yddot -0.000196 xddot^2 -0.039898 xddot yddot -0.004591 yddot^2 -0.041019 sin(theta) -0.048691 cos(theta) +0.026123 sin(theta) x -0.009187 sin(theta) y -0.037089 sin(theta) theta -0.039381 sin(theta) xdot +0.023644 sin(theta) ydot +0.047824 sin(theta) thetadot +0.007446 sin(theta) xddot +0.007722 sin(theta) yddot +0.075389 cos(theta) x +0.016742 cos(theta) y -0.062331 cos(theta) theta +0.063787 cos(theta) xdot +0.015022 cos(theta) ydot -0.099868 cos(theta) thetadot -0.015302 cos(theta) xddot -0.018401 cos(theta) yddot +0.024060 lambda_N +0.016046 lambda_F
SINDy,Full+λ,ElasticNet,True,0,xddot,16,0.001585,1.7702598769050032e-07,0.0026784941493749196,0.00394111071978459,0.5508289503779314,-1093.8847276649221,-0.165458 thetaddot +0.027364 x^2 -0.005297 x theta +0.000196 x ydot +0.060705 x thetaddot -0.127505 y thetaddot -0.096773 theta thetaddot +0.114689 xdot thetaddot -0.005403 ydot thetadot -0.015993 ydot thetaddot -0.124185 thetadot thetaddot +0.022583 cos(theta) -0.021103 cos(theta) x +0.034841 cos(theta) theta -0.118126 cos(theta) xdot +0.112895 cos(theta) thetadot
SINDy,Full+λ,ElasticNet,True,1,yddot,16,0.001585,0.0016497933383591344,0.0005106123542330639,0.09040481524398958,0.7605783317498604,-1423.7071945321832,+0.030769 x^2 -0.112192 x y -0.027297 x theta +0.001624 x ydot -0.001039 x xddot +0.003763 x thetaddot -0.000060 y^2 +0.028465 y ydot +0.032607 theta^2 +0.059342 ydot thetaddot +0.073067 cos(theta) +0.002312 sin(theta) ydot -0.079362 cos(theta) x +0.021413 cos(theta) theta +0.049058 cos(theta) thetadot +0.571428 lambda_N
SINDy,Full+λ,ElasticNet,True,2,thetaddot,13,1.0,0.09853694521746849,0.011979484655074127,0.05912333970194952,-2.9813898598772353,-811.6744184394081,-0.076789 xddot -0.029616 x xdot +0.027932 x thetadot +0.061853 x xddot -0.064026 y xddot +0.010709 theta xdot -0.009727 theta thetadot -0.069954 theta xddot +0.035876 xdot xddot -0.036438 thetadot xddot +0.015641 cos(theta) xdot -0.024328 cos(theta) thetadot -0.006028 cos(theta) xddot
SINDy,Full+λ,SR3_L0,True,0,xddot,3,0.129155,0.00949050834383785,0.003190166414757036,0.013514466983384986,-0.5402529265510234,-1127.9088425120424, 1.341 yddot +  1.257 theta yddot +  2.471 yddot^2
SINDy,Full+λ,SR3_L0,True,1,yddot,63,0.0001,5.286022620349872e-06,8.458647485420842e+16,1.452863384207502e+17,-3.847659820416807e+17,8089.811808589072, 9312174.623 1 + -58868629.710 x +  2160304.625 y +  37687544.961 theta +  101099685.595 xdot +  43748399.334 ydot +  120839438.547 thetadot + -1402981117.864 xddot +  3017877975.398 thetaddot + -75966890.985 x^2 +  5921387.840 x y +  23271394.998 x theta + -83180201.429 x xdot + -1379914.292 x ydot + -162092661.565 x thetadot + -299365603.950 x xddot + -305173098.132 x thetaddot + -247000.871 y theta +  55128392.377 y xdot +  65618599.603 y thetadot +  95246584.347 y xddot + -4292010695.990 y thetaddot +  32779089.037 theta^2 +  184281110.153 theta xdot + -39623499.436 theta ydot +  76522547.052 theta thetadot +  418781560.046 theta xddot +  429823874.156 theta thetaddot +  143930770.559 xdot^2 + -21014046.251 xdot ydot + -69116314.247 xdot thetadot + -751867682.236 xdot xddot + -804276646.197 xdot thetaddot +  28.026 ydot^2 + -19706147.507 ydot thetadot +  10922420.687 ydot xddot +  9437305.475 ydot thetaddot + -214495391.514 thetadot^2 +  738445200.137 thetadot xddot +  666183537.377 thetadot thetaddot + -167346508.533 xddot^2 + -128663534.369 xddot thetaddot +  39169015.479 thetaddot^2 +  16295139.993 sin(theta) +  76697168.753 cos(theta) +  19805404.175 sin(theta) x + -20581677.407 sin(theta) y +  18417019.722 sin(theta) theta + -83400246.464 sin(theta) xdot +  2432148.151 sin(theta) ydot + -81683078.556 sin(theta) thetadot +  219810547.289 sin(theta) xddot +  220597674.443 sin(theta) thetaddot + -48772378.373 cos(theta) x + -26101563.135 cos(theta) y + -100554462.115 cos(theta) theta + -214959762.795 cos(theta) xdot +  7403243.389 cos(theta) ydot + -213803059.444 cos(theta) thetadot + -69991631.967 cos(theta) xddot + -74384856.282 cos(theta) thetaddot + -3310419.467 lambda_N + -5100647.193 lambda_F
SINDy,Full+λ,SR3_L0,True,2,thetaddot,3,0.003981,8.14840476729956e-06,0.008836572174843016,0.054533568087881054,-2.6723127634965986,-925.1624773970509,-0.903 xddot + -0.144 y xddot + -0.103 xddot yddot
SINDy,UC,STLSQ,False,0,xddot,5,0.046416,2.288171322750231e-06,0.0007385452500428795,0.001112885493618724,0.8731636889142719,-1408.4882846837183,-0.056 sin(theta) +  0.226 cos(theta) + -0.073 thetadot^2 + -0.489 thetaddot +  0.326 cos(theta) thetadot^2
SINDy,UC,STLSQ,False,1,yddot,0,1.0,0.23862021056058919,0.24647519412871835,0.3990677673287227,-0.056862627735456917,-278.6982906573034, 0.000
SINDy,UC,STLSQ,False,2,thetaddot,11,0.003981,7.74533956430203e-07,0.05107449021299194,0.5116228602248531,-33.45289251333432,-533.6932007033158,-0.279 sin(theta) + -0.337 thetadot^2 + -1.172 xddot +  0.344 yddot +  0.072 sin(theta) cos(theta) + -0.063 sin(theta) thetadot^2 + -0.049 sin(theta) xddot + -0.336 sin(theta) yddot +  0.051 cos(theta) thetadot^2 +  0.042 cos(theta) xddot + -0.023 cos(theta) yddot
SINDy,UC,SR3_L1,False,0,xddot,12,0.003981,2.556435420572731e-06,0.002682793606557313,0.005196126514299114,0.4077939529381299,-1114.7387728393703,-0.175 sin(theta) +  0.153 cos(theta) + -0.265 thetadot^2 +  0.058 yddot + -0.844 thetaddot + -0.008 sin(theta) cos(theta) + -0.071 sin(theta) thetadot^2 + -0.105 sin(theta) yddot +  0.045 sin(theta) thetaddot + -0.031 cos(theta) thetadot^2 + -0.061 cos(theta) yddot + -0.033 cos(theta) thetaddot
SINDy,UC,SR3_L1,False,1,yddot,1,0.599484,0.22334156415976356,0.23266663969564616,0.4036195924527677,-0.06891735692040712,-284.87826275630084, 0.045 sin(theta) cos(theta)
SINDy,UC,SR3_L1,False,2,thetaddot,1,0.359381,0.13159436933573448,0.01653823275923707,0.04384529900448701,-1.952560355009748,-811.0207030485213,-0.373 xddot
SINDy,UC,LASSO,False,0,xddot,6,0.000631,1.8056033351676634e-06,0.0007506126177740975,0.0011311106857928223,0.8710865514572326,-1399.9697224213087,+0.139217 cos(theta) -0.022126 thetadot^2 -0.507352 thetaddot +0.046963 sin(theta) cos(theta) -0.002432 sin(theta) thetaddot +0.376343 cos(theta) thetadot^2
SINDy,UC,LASSO,False,1,yddot,2,0.215443,0.02710226228839713,0.04336113412812649,0.2911643471122127,0.22890109854847274,-613.9135518047162,+0.736485 cos(theta) +0.019833 thetadot^2
SINDy,UC,LASSO,False,2,thetaddot,1,0.599484,0.12167770368049242,0.015694731670424702,0.04363795788696794,-1.9385979194134584,-821.4383020569134,-0.397597 xddot
SINDy,UC,Ridge,False,0,xddot,12,3.162278,1.9587417700084285e-06,0.0008079564394457494,0.0013505064984283698,0.8460818625634423,-1353.5598221855332,-0.048283 sin(theta) +0.234272 cos(theta) -0.067243 thetadot^2 -0.009900 yddot -0.420768 thetaddot +0.059249 sin(theta) cos(theta) -0.001487 sin(theta) thetadot^2 -0.007291 sin(theta) yddot +0.036272 sin(theta) thetaddot +0.365315 cos(theta) thetadot^2 +0.026098 cos(theta) yddot -0.020462 cos(theta) thetaddot
SINDy,UC,Ridge,False,1,yddot,12,31.622777,0.00445990584955432,0.15261749693182008,0.924128181831994,-1.4473952009530175,-310.5646231777032,-0.059920 sin(theta) +0.236647 cos(theta) +0.174864 thetadot^2 +0.048889 xddot -0.049654 thetaddot +0.441484 sin(theta) cos(theta) -0.039437 sin(theta) thetadot^2 -0.025744 sin(theta) xddot +0.021805 sin(theta) thetaddot -0.026831 cos(theta) thetadot^2 +0.096243 cos(theta) xddot -0.096750 cos(theta) thetaddot
SINDy,UC,Ridge,False,2,thetaddot,12,31.622777,0.0016144232674898287,0.06127542303040599,0.14920391684779985,-9.047452741784285,-492.16325481567463,+0.070763 sin(theta) -0.193440 cos(theta) -0.002770 thetadot^2 -0.333387 xddot -0.028854 yddot -0.037846 sin(theta) cos(theta) -0.084027 sin(theta) thetadot^2 +0.097894 sin(theta) xddot -0.082552 sin(theta) yddot -0.303930 cos(theta) thetadot^2 -0.062429 cos(theta) xddot -0.056864 cos(theta) yddot
SINDy,UC,ElasticNet,False,0,xddot,5,0.001585,1.9945738511022844e-06,0.0007813343408317219,0.0011721864994245655,0.8664051132447941,-1397.2804497650848,+0.154780 cos(theta) -0.020828 thetadot^2 -0.504135 thetaddot +0.040214 sin(theta) cos(theta) +0.365135 cos(theta) thetadot^2
SINDy,UC,ElasticNet,False,1,yddot,8,0.359381,0.023614376726679064,0.0877980455943762,0.3940401603096035,-0.04354787169536123,-441.7640530306628,-0.013223 sin(theta) +0.276932 cos(theta) +0.055229 thetadot^2 +0.067795 xddot -0.065818 thetaddot +0.180730 sin(theta) cos(theta) +0.088493 cos(theta) xddot -0.094179 cos(theta) thetaddot
SINDy,UC,ElasticNet,False,2,thetaddot,7,0.599484,0.047434472816403644,0.01108382554144561,0.06281348015117763,-3.2298854259285417,-858.8982761911439,+0.011853 sin(theta) -0.079905 cos(theta) -0.223595 xddot -0.029890 yddot -0.018841 sin(theta) yddot -0.183172 cos(theta) thetadot^2 -0.112057 cos(theta) xddot
SINDy,UC,SR3_L0,False,0,xddot,7,0.001585,6.235002112727672e-05,0.0021003327364476567,0.007667986350716461,0.12607441847579948,-1189.9131069013588,-0.201 sin(theta) +  0.130 cos(theta) + -0.272 thetadot^2 +  0.183 yddot + -0.828 thetaddot + -0.065 sin(theta) thetadot^2 + -0.188 sin(theta) yddot
SINDy,UC,SR3_L0,False,1,yddot,9,0.129155,0.043252864413982794,0.7474315013180728,41.94026976442407,-110.07162076222356,-10.291666952311367,-0.874 sin(theta) +  3.620 cos(theta) + -1.159 thetadot^2 +  12.116 xddot +  14.223 thetaddot + -5.821 sin(theta) xddot + -5.052 sin(theta) thetaddot +  13.950 cos(theta) xddot +  14.280 cos(theta) thetaddot
SINDy,UC,SR3_L0,False,2,thetaddot,0,1.0,0.33317074792847956,0.10704941491467983,0.11979653027161924,-7.067147310627549,-444.65848116940515, 0.000
SINDy,UC+λ,STLSQ,True,0,xddot,3,0.027826,6.974099697917216e-16,3.5238833693896814e-15,3.6187967565765134e-15,0.9999999999995876,-6606.683429436628, 0.194 sin(theta) thetaddot +  0.593 cos(theta) thetadot^2 +  0.479 lambda_F
SINDy,UC+λ,STLSQ,True,1,yddot,13,0.01,0.0016613055326268572,0.0004224992707663627,0.0001860691441989983,0.999507227742308,-1477.2822818744783, 0.001 sin(theta) + -0.019 cos(theta) +  61.570 xddot + -0.001 sin(theta) cos(theta) +  0.118 sin(theta) thetadot^2 +  0.025 sin(theta) xddot + -11.937 sin(theta) thetaddot + -36.534 cos(theta) thetadot^2 + -0.053 cos(theta) xddot + -0.117 cos(theta) thetaddot +  0.993 lambda_N + -29.478 lambda_F
SINDy,UC+λ,STLSQ,True,2,thetaddot,13,0.01,4.642967223877429e-11,0.014341596028283717,0.07667037550328176,-4.163014422402132,-775.8606763197105,-3.094 cos(theta) + -0.729 xddot + -1.110 yddot +  0.124 sin(theta) thetadot^2 +  0.060 sin(theta) xddot +  0.047 sin(theta) yddot +  0.640 cos(theta) thetadot^2 +  0.063 cos(theta) xddot + -1.341 cos(theta) yddot +  1.037 lambda_N +  1.182 lambda_F
SINDy,UC+λ,SR3_L1,True,0,xddot,4,0.0001,1.5989647504990011e-09,2.9434991718058546e-09,2.7733451657677506e-09,0.999999683919979,-3887.916467697079, 0.194 sin(theta) thetaddot +  0.593 cos(theta) thetadot^2 +  0.479 lambda_F
SINDy,UC+λ,SR3_L1,True,1,yddot,9,0.003981,0.00169582289862526,2.6768970813210968e-05,0.0002693553976655129,0.9992866583656279,-2047.485418770626, 0.001 cos(theta) + -0.008 thetadot^2 + -0.087 xddot +  0.106 sin(theta) thetadot^2 +  0.015 sin(theta) thetaddot +  0.053 cos(theta) thetadot^2 + -0.063 cos(theta) thetaddot +  0.981 lambda_N +  0.036 lambda_F
SINDy,UC+λ,SR3_L1,True,2,thetaddot,10,0.016681,0.0006677187621684715,0.00036394285322280834,0.003414529362549251,0.7700641971708779,-1522.8511779121482,-2.391 cos(theta) + -0.280 xddot + -0.776 yddot +  0.070 sin(theta) thetadot^2 +  0.129 sin(theta) xddot +  0.189 cos(theta) thetadot^2 +  0.041 cos(theta) xddot + -1.012 cos(theta) yddot +  0.780 lambda_N +  0.653 lambda_F
SINDy,UC+λ,LASSO,True,0,xddot,9,0.000251,5.102040432668271e-07,0.00015201382764510213,0.00023199314863317947,0.9735595842173169,-1701.8765314888299,-0.003295 thetadot^2 -0.294923 thetaddot +0.041748 sin(theta) cos(theta) -0.005030 sin(theta) yddot +0.060148 sin(theta) thetaddot +0.515360 cos(theta) thetadot^2 -0.017509 cos(theta) yddot -0.000493 cos(theta) thetaddot +0.216462 lambda_F
SINDy,UC+λ,LASSO,True,1,yddot,6,0.000631,0.0016650635580029638,0.0002457716709269767,0.0014588528905744526,0.9961364779978786,-1622.150587433464,+0.015215 cos(theta) +0.011637 sin(theta) cos(theta) +0.105710 sin(theta) thetadot^2 +0.019031 cos(theta) xddot -0.045573 cos(theta) thetaddot +0.956471 lambda_N
SINDy,UC+λ,LASSO,True,2,thetaddot,1,0.599484,0.12167770368049242,0.015694731670424702,0.04363795788696794,-1.9385979194134584,-821.4383020569134,-0.397597 xddot
SINDy,UC+λ,Ridge,True,0,xddot,14,0.0001,1.0213287290847679e-10,5.274811605759762e-05,0.00010959615505380649,0.9875092522133578,-1886.0402501118217,-0.022799 sin(theta) +0.120299 cos(theta) -0.035439 thetadot^2 +0.038379 yddot -0.069116 thetaddot -0.006723 sin(theta) cos(theta) -0.014280 sin(theta) thetadot^2 -0.011904 sin(theta) yddot +0.186177 sin(theta) thetaddot +0.505115 cos(theta) thetadot^2 +0.032426 cos(theta) yddot -0.002162 cos(theta) thetaddot -0.031220 lambda_N +0.400830 lambda_F
SINDy,UC+λ,Ridge,True,1,yddot,14,0.000631,0.0016613072216929772,7.317471504964909e-06,0.00014056615883168414,0.9996277346051075,-2279.1176292378263,-0.016192 sin(theta) +0.039783 cos(theta) -0.028253 thetadot^2 +0.001294 xddot +0.031668 thetaddot -0.009497 sin(theta) cos(theta) +0.107697 sin(theta) thetadot^2 -0.008758 sin(theta) xddot +0.003119 sin(theta) thetaddot -0.005928 cos(theta) thetadot^2 +0.031276 cos(theta) xddot -0.032070 cos(theta) thetaddot +0.981932 lambda_N +0.008783 lambda_F
SINDy,UC+λ,Ridge,True,2,thetaddot,14,0.0001,5.873470879394412e-08,0.060319549701542116,0.1550107660757845,-9.438488342118815,-484.705437527469,-0.103679 sin(theta) -0.743260 cos(theta) -0.156386 thetadot^2 +0.235142 xddot -0.204285 yddot -0.022991 sin(theta) cos(theta) -0.010593 sin(theta) thetadot^2 +0.223574 sin(theta) xddot -0.095111 sin(theta) yddot -0.613383 cos(theta) thetadot^2 +0.034920 cos(theta) xddot -0.387440 cos(theta) yddot +0.285240 lambda_N -0.262334 lambda_F
SINDy,UC+λ,ElasticNet,True,0,xddot,9,0.000631,6.192100581835965e-07,0.00020326851114826525,0.00032176403362496603,0.9633283358449123,-1644.0558214242117,+0.062357 cos(theta) -0.007757 thetadot^2 -0.298237 thetaddot +0.029759 sin(theta) cos(theta) -0.001371 sin(theta) thetadot^2 +0.059253 sin(theta) thetaddot +0.489521 cos(theta) thetadot^2 -0.000936 cos(theta) yddot +0.192487 lambda_F
SINDy,UC+λ,ElasticNet,True,1,yddot,10,0.0001,0.0016615754217317014,5.5600642782200956e-05,0.0001463751089665121,0.9996123505956571,-1896.7327951455336,+0.002837 sin(theta) +0.011415 cos(theta) -0.014687 thetadot^2 -0.000756 xddot +0.005357 thetaddot +0.103735 sin(theta) thetadot^2 +0.000401 sin(theta) thetaddot +0.032047 cos(theta) xddot -0.038556 cos(theta) thetaddot +0.980986 lambda_N
SINDy,UC+λ,ElasticNet,True,2,thetaddot,8,0.599484,0.04740271433575436,0.011863671159843603,0.0592166189810532,-2.9876713246563265,-840.0741654118804,+0.008830 sin(theta) -0.073082 cos(theta) -0.220890 xddot -0.020960 yddot -0.011500 sin(theta) yddot -0.182128 cos(theta) thetadot^2 -0.110515 cos(theta) xddot -0.032222 lambda_N
SINDy,UC+λ,SR3_L0,True,0,xddot,3,0.0001,2.882688176778811e-13,1.0363277216297085e-12,1.0326997316887596e-12,0.9999999998823025,-5475.592285536287, 0.194 sin(theta) thetaddot +  0.593 cos(theta) thetadot^2 +  0.479 lambda_F
SINDy,UC+λ,SR3_L0,True,1,yddot,6,0.001585,0.0018268792978542593,0.00010239191048652602,0.0002349086223886932,0.9993778847497575,-1796.3940377309154,-0.238 xddot +  0.110 sin(theta) thetadot^2 +  0.155 cos(theta) thetadot^2 + -0.073 cos(theta) thetaddot +  0.985 lambda_N +  0.102 lambda_F
SINDy,UC+λ,SR3_L0,True,2,thetaddot,5,0.215443,0.01211982425670123,0.0028495186782499043,0.06944798631427436,-3.6766557825458515,-1139.793907450353,-2.740 cos(theta) + -0.986 yddot + -1.209 cos(theta) yddot +  0.934 lambda_N +  0.779 lambda_F
Lagrange,Lagrange,Lasso,False,0,xddot,15,0.0001,,,0.019436978399319,,,"T = +1.000000*xdot^2 +0.019139*thetadot^2 -0.044167*xdot ydot +0.297718*xdot thetadot -0.001451*ydot thetadot -0.020837*xdot thetadot sin(theta) +0.006375*xdot thetadot cos(theta) +0.001666*ydot thetadot sin(theta) -0.000295*ydot thetadot cos(theta) -0.003859*thetadot^2 sin(theta) +0.000255*thetadot^2 cos(theta)
V = -0.004067*y +0.009673*sin(theta) -0.002910*y cos(theta) +0.026369*x"
Lagrange,Lagrange,Lasso,False,1,yddot,15,0.0001,,,9.914201122658773e-06,,,"T = +1.000000*xdot^2 +0.019139*thetadot^2 -0.044167*xdot ydot +0.297718*xdot thetadot -0.001451*ydot thetadot -0.020837*xdot thetadot sin(theta) +0.006375*xdot thetadot cos(theta) +0.001666*ydot thetadot sin(theta) -0.000295*ydot thetadot cos(theta) -0.003859*thetadot^2 sin(theta) +0.000255*thetadot^2 cos(theta)
V = -0.004067*y +0.009673*sin(theta) -0.002910*y cos(theta) +0.026369*x"
Lagrange,Lagrange,Lasso,False,2,thetaddot,15,0.0001,,,0.000314393643797864,,,"T = +1.000000*xdot^2 +0.019139*thetadot^2 -0.044167*xdot ydot +0.297718*xdot thetadot -0.001451*ydot thetadot -0.020837*xdot thetadot sin(theta) +0.006375*xdot thetadot cos(theta) +0.001666*ydot thetadot sin(theta) -0.000295*ydot thetadot cos(theta) -0.003859*thetadot^2 sin(theta) +0.000255*thetadot^2 cos(theta)
V = -0.004067*y +0.009673*sin(theta) -0.002910*y cos(theta) +0.026369*x"
Lagrange,Lagrange,Ridge,False,0,xddot,20,0.1,,,0.019017394632272644,,,"T = +1.000000*xdot^2 -0.000282*ydot^2 +0.019076*thetadot^2 -0.046153*xdot ydot +0.294048*xdot thetadot -0.000736*ydot thetadot -0.021917*xdot thetadot sin(theta) +0.006799*xdot thetadot cos(theta) +0.001803*ydot thetadot sin(theta) -0.000478*ydot thetadot cos(theta) -0.003951*thetadot^2 sin(theta) +0.000314*thetadot^2 cos(theta)
V = -0.004016*y +0.009242*sin(theta) +0.000388*cos(theta) +0.000737*y sin(theta) -0.003532*y cos(theta) +0.000431*sin(theta)^2 +0.000073*y^2 +0.028902*x"
Lagrange,Lagrange,Ridge,False,1,yddot,20,0.1,,,8.884968641358238e-06,,,"T = +1.000000*xdot^2 -0.000282*ydot^2 +0.019076*thetadot^2 -0.046153*xdot ydot +0.294048*xdot thetadot -0.000736*ydot thetadot -0.021917*xdot thetadot sin(theta) +0.006799*xdot thetadot cos(theta) +0.001803*ydot thetadot sin(theta) -0.000478*ydot thetadot cos(theta) -0.003951*thetadot^2 sin(theta) +0.000314*thetadot^2 cos(theta)
V = -0.004016*y +0.009242*sin(theta) +0.000388*cos(theta) +0.000737*y sin(theta) -0.003532*y cos(theta) +0.000431*sin(theta)^2 +0.000073*y^2 +0.028902*x"
Lagrange,Lagrange,Ridge,False,2,thetaddot,20,0.1,,,0.0003216920681836321,,,"T = +1.000000*xdot^2 -0.000282*ydot^2 +0.019076*thetadot^2 -0.046153*xdot ydot +0.294048*xdot thetadot -0.000736*ydot thetadot -0.021917*xdot thetadot sin(theta) +0.006799*xdot thetadot cos(theta) +0.001803*ydot thetadot sin(theta) -0.000478*ydot thetadot cos(theta) -0.003951*thetadot^2 sin(theta) +0.000314*thetadot^2 cos(theta)
V = -0.004016*y +0.009242*sin(theta) +0.000388*cos(theta) +0.000737*y sin(theta) -0.003532*y cos(theta) +0.000431*sin(theta)^2 +0.000073*y^2 +0.028902*x"
Lagrange,Lagrange,ElasticNet,False,0,xddot,10,0.05,,,0.01683464467002407,,,"T = +1.000000*xdot^2 +0.012699*thetadot^2 -0.012921*xdot ydot +0.283856*xdot thetadot -0.000202*ydot thetadot -0.029139*xdot thetadot sin(theta) +0.006033*xdot thetadot cos(theta) -0.003275*thetadot^2 sin(theta)
V = -0.003459*y +0.008467*sin(theta)"
Lagrange,Lagrange,ElasticNet,False,1,yddot,10,0.05,,,1.5434309147521193e-05,,,"T = +1.000000*xdot^2 +0.012699*thetadot^2 -0.012921*xdot ydot +0.283856*xdot thetadot -0.000202*ydot thetadot -0.029139*xdot thetadot sin(theta) +0.006033*xdot thetadot cos(theta) -0.003275*thetadot^2 sin(theta)
V = -0.003459*y +0.008467*sin(theta)"
Lagrange,Lagrange,ElasticNet,False,2,thetaddot,10,0.05,,,0.0003839608560837317,,,"T = +1.000000*xdot^2 +0.012699*thetadot^2 -0.012921*xdot ydot +0.283856*xdot thetadot -0.000202*ydot thetadot -0.029139*xdot thetadot sin(theta) +0.006033*xdot thetadot cos(theta) -0.003275*thetadot^2 sin(theta)
V = -0.003459*y +0.008467*sin(theta)"
Lagrange,Lagrange,STLSQ,False,0,xddot,17,0.1,,,0.019023859865193032,,,"T = +1.000000*xdot^2 -0.000260*ydot^2 +0.019278*thetadot^2 -0.046158*xdot ydot +0.294042*xdot thetadot -0.001127*ydot thetadot -0.021918*xdot thetadot sin(theta) +0.006799*xdot thetadot cos(theta) +0.001705*ydot thetadot sin(theta) -0.000446*ydot thetadot cos(theta) -0.003786*thetadot^2 sin(theta) +0.000232*thetadot^2 cos(theta)
V = -0.003754*y +0.009361*sin(theta) +0.000690*y sin(theta) -0.003402*y cos(theta) +0.029007*x"
Lagrange,Lagrange,STLSQ,False,1,yddot,17,0.1,,,8.583242270347952e-06,,,"T = +1.000000*xdot^2 -0.000260*ydot^2 +0.019278*thetadot^2 -0.046158*xdot ydot +0.294042*xdot thetadot -0.001127*ydot thetadot -0.021918*xdot thetadot sin(theta) +0.006799*xdot thetadot cos(theta) +0.001705*ydot thetadot sin(theta) -0.000446*ydot thetadot cos(theta) -0.003786*thetadot^2 sin(theta) +0.000232*thetadot^2 cos(theta)
V = -0.003754*y +0.009361*sin(theta) +0.000690*y sin(theta) -0.003402*y cos(theta) +0.029007*x"
Lagrange,Lagrange,STLSQ,False,2,thetaddot,17,0.1,,,0.0003160898549780215,,,"T = +1.000000*xdot^2 -0.000260*ydot^2 +0.019278*thetadot^2 -0.046158*xdot ydot +0.294042*xdot thetadot -0.001127*ydot thetadot -0.021918*xdot thetadot sin(theta) +0.006799*xdot thetadot cos(theta) +0.001705*ydot thetadot sin(theta) -0.000446*ydot thetadot cos(theta) -0.003786*thetadot^2 sin(theta) +0.000232*thetadot^2 cos(theta)
V = -0.003754*y +0.009361*sin(theta) +0.000690*y sin(theta) -0.003402*y cos(theta) +0.029007*x"
Lagrange,Lagrange+λ,Lasso,True,0,xddot,15,0.001,,,0.002259395463517634,,,"T = +0.593757*xdot^2 +0.647979*ydot^2 +0.029288*thetadot^2 +0.018203*xdot ydot -0.068421*xdot thetadot sin(theta) -0.008774*xdot thetadot cos(theta) -0.016775*ydot thetadot sin(theta) +0.082917*ydot thetadot cos(theta)
V = -1.424583*y -0.103069*sin(theta) +0.006771*cos(theta) +0.079990*y sin(theta) -0.102941*y cos(theta) +0.019370*y^2 -0.001690*x"
Lagrange,Lagrange+λ,Lasso,True,1,yddot,15,0.001,,,0.02832329638010914,,,"T = +0.593757*xdot^2 +0.647979*ydot^2 +0.029288*thetadot^2 +0.018203*xdot ydot -0.068421*xdot thetadot sin(theta) -0.008774*xdot thetadot cos(theta) -0.016775*ydot thetadot sin(theta) +0.082917*ydot thetadot cos(theta)
V = -1.424583*y -0.103069*sin(theta) +0.006771*cos(theta) +0.079990*y sin(theta) -0.102941*y cos(theta) +0.019370*y^2 -0.001690*x"
Lagrange,Lagrange+λ,Lasso,True,2,thetaddot,15,0.001,,,0.00011187795336208859,,,"T = +0.593757*xdot^2 +0.647979*ydot^2 +0.029288*thetadot^2 +0.018203*xdot ydot -0.068421*xdot thetadot sin(theta) -0.008774*xdot thetadot cos(theta) -0.016775*ydot thetadot sin(theta) +0.082917*ydot thetadot cos(theta)
V = -1.424583*y -0.103069*sin(theta) +0.006771*cos(theta) +0.079990*y sin(theta) -0.102941*y cos(theta) +0.019370*y^2 -0.001690*x"
Lagrange,Lagrange+λ,Ridge,True,0,xddot,20,0.0001,,,0.00014165927592712797,,,"T = +0.756725*xdot^2 +0.615727*ydot^2 +0.066684*thetadot^2 +0.004520*xdot ydot +0.011090*xdot thetadot -0.023419*ydot thetadot -0.087459*xdot thetadot sin(theta) -0.000955*xdot thetadot cos(theta) -0.043716*ydot thetadot sin(theta) +0.092876*ydot thetadot cos(theta) +0.020720*thetadot^2 sin(theta) -0.001863*thetadot^2 cos(theta)
V = -1.428503*y -0.162156*sin(theta) +0.029898*cos(theta) +0.123538*y sin(theta) -0.148964*y cos(theta) -0.014835*sin(theta)^2 +0.019329*y^2 +0.001346*x"
Lagrange,Lagrange+λ,Ridge,True,1,yddot,20,0.0001,,,0.08862038764824338,,,"T = +0.756725*xdot^2 +0.615727*ydot^2 +0.066684*thetadot^2 +0.004520*xdot ydot +0.011090*xdot thetadot -0.023419*ydot thetadot -0.087459*xdot thetadot sin(theta) -0.000955*xdot thetadot cos(theta) -0.043716*ydot thetadot sin(theta) +0.092876*ydot thetadot cos(theta) +0.020720*thetadot^2 sin(theta) -0.001863*thetadot^2 cos(theta)
V = -1.428503*y -0.162156*sin(theta) +0.029898*cos(theta) +0.123538*y sin(theta) -0.148964*y cos(theta) -0.014835*sin(theta)^2 +0.019329*y^2 +0.001346*x"
Lagrange,Lagrange+λ,Ridge,True,2,thetaddot,20,0.0001,,,0.0026394581995542866,,,"T = +0.756725*xdot^2 +0.615727*ydot^2 +0.066684*thetadot^2 +0.004520*xdot ydot +0.011090*xdot thetadot -0.023419*ydot thetadot -0.087459*xdot thetadot sin(theta) -0.000955*xdot thetadot cos(theta) -0.043716*ydot thetadot sin(theta) +0.092876*ydot thetadot cos(theta) +0.020720*thetadot^2 sin(theta) -0.001863*thetadot^2 cos(theta)
V = -1.428503*y -0.162156*sin(theta) +0.029898*cos(theta) +0.123538*y sin(theta) -0.148964*y cos(theta) -0.014835*sin(theta)^2 +0.019329*y^2 +0.001346*x"
Lagrange,Lagrange+λ,ElasticNet,True,0,xddot,17,0.001,,,0.0020854941745422186,,,"T = +0.605216*xdot^2 +0.615179*ydot^2 +0.052914*thetadot^2 +0.022552*xdot ydot -0.000018*xdot thetadot -0.004128*ydot thetadot -0.071996*xdot thetadot sin(theta) -0.007020*xdot thetadot cos(theta) -0.031797*ydot thetadot sin(theta) +0.086462*ydot thetadot cos(theta) +0.008689*thetadot^2 sin(theta)
V = -1.406822*y -0.143992*sin(theta) +0.020115*cos(theta) +0.115842*y sin(theta) -0.146016*y cos(theta) +0.020066*y^2"
Lagrange,Lagrange+λ,ElasticNet,True,1,yddot,17,0.001,,,0.06485950781530257,,,"T = +0.605216*xdot^2 +0.615179*ydot^2 +0.052914*thetadot^2 +0.022552*xdot ydot -0.000018*xdot thetadot -0.004128*ydot thetadot -0.071996*xdot thetadot sin(theta) -0.007020*xdot thetadot cos(theta) -0.031797*ydot thetadot sin(theta) +0.086462*ydot thetadot cos(theta) +0.008689*thetadot^2 sin(theta)
V = -1.406822*y -0.143992*sin(theta) +0.020115*cos(theta) +0.115842*y sin(theta) -0.146016*y cos(theta) +0.020066*y^2"
Lagrange,Lagrange+λ,ElasticNet,True,2,thetaddot,17,0.001,,,0.0013761339880819165,,,"T = +0.605216*xdot^2 +0.615179*ydot^2 +0.052914*thetadot^2 +0.022552*xdot ydot -0.000018*xdot thetadot -0.004128*ydot thetadot -0.071996*xdot thetadot sin(theta) -0.007020*xdot thetadot cos(theta) -0.031797*ydot thetadot sin(theta) +0.086462*ydot thetadot cos(theta) +0.008689*thetadot^2 sin(theta)
V = -1.406822*y -0.143992*sin(theta) +0.020115*cos(theta) +0.115842*y sin(theta) -0.146016*y cos(theta) +0.020066*y^2"
Lagrange,Lagrange+λ,STLSQ,True,0,xddot,5,0.1,,,9.952234575061628e-06,,,"T = +0.778905*xdot^2 +0.744631*ydot^2 -0.091795*xdot thetadot sin(theta) +0.072684*ydot thetadot cos(theta)
V = -1.496607*y"
Lagrange,Lagrange+λ,STLSQ,True,1,yddot,5,0.1,,,0.002532771786990716,,,"T = +0.778905*xdot^2 +0.744631*ydot^2 -0.091795*xdot thetadot sin(theta) +0.072684*ydot thetadot cos(theta)
V = -1.496607*y"
Lagrange,Lagrange+λ,STLSQ,True,2,thetaddot,5,0.1,,,0.0009847545640963994,,,"T = +0.778905*xdot^2 +0.744631*ydot^2 -0.091795*xdot thetadot sin(theta) +0.072684*ydot thetadot cos(theta)
V = -1.496607*y"
Hybrid,Full,STLSQ,False,0,xddot,6,0.5,0.004651573690392547,8.402006327235694e-06,8.402006278066351e-06,0.9990424176717734,-3441.9674865230663,-3.620 x + -0.969 x^2 +  2.519 x y + -0.824 xdot thetadot + -0.779 thetadot^2 + -0.819 cos(theta) x
Hybrid,Full,STLSQ,False,1,yddot,4,0.5,0.06598394385762575,0.008542993776011837,0.793681407204451,-1.101929261833666,-3441.9674865230663,-2651141.760 thetaddot +  7.907 x thetaddot +  2651140.030 y thetaddot +  7.523 theta thetaddot
Hybrid,Full,STLSQ,False,2,thetaddot,1,0.5,0.07923256650069216,0.0012990744004346129,0.0012990743995897366,0.9125197989858793,-3441.9674865230663,-0.872 xddot
Hybrid,Full,SR3_L1,False,0,xddot,4,0.5,0.011212416737630317,7.572159742460234e-06,7.572159783005807e-06,0.9991369958370963,-2042.019533705425,-42601.648 thetaddot +  3.531 x theta +  42601.275 y thetaddot +  4.028 theta^2
Hybrid,Full,SR3_L1,False,1,yddot,47,0.5,1.6203513850105402,1.4284435717306143,4.508965177464514,-10.94122195766682,-2042.019533705425, 19.282 x +  28.914 theta + -25.557 xdot +  0.124 ydot + -18.039 thetadot + -2.193 xddot + -8402211.172 thetaddot + -167.699 x^2 + -361.343 x theta +  84.934 x xdot +  0.236 x ydot +  67.956 x thetadot +  20.349 x xddot +  30.122 x thetaddot + -4.044 y xdot + -4.451 y thetadot +  1.727 y xddot +  8402208.017 y thetaddot + -200.237 theta^2 +  92.429 theta xdot +  0.952 theta ydot +  74.564 theta thetadot +  15.111 theta xddot +  22.788 theta thetaddot +  0.271 xdot^2 + -5.706 xdot ydot +  1.673 xdot xddot +  1.909 xdot thetaddot + -5.068 ydot thetadot +  5.994 thetadot xddot +  4.872 thetadot thetaddot + -3.165 xddot^2 + -163801.704 xddot thetaddot + -163797.813 thetaddot^2 + -4.369 sin(theta) + -7.825 cos(theta) +  30.218 sin(theta) x +  31.002 sin(theta) theta + -0.415 sin(theta) ydot +  0.041 sin(theta) thetadot +  0.900 sin(theta) xddot +  0.438 sin(theta) thetaddot +  0.775 cos(theta) x +  1.807 cos(theta) xdot +  0.482 cos(theta) thetadot +  5.681 cos(theta) xddot +  6.977 cos(theta) thetaddot
Hybrid,Full,SR3_L1,False,2,thetaddot,4,0.5,0.18707745758894512,0.053627001121398635,0.05362700113875579,-2.6112641746187926,-2042.019533705425,-0.376 xddot +  0.428 x^2 +  1.895 x theta +  1.056 theta^2
Hybrid,Full,LASSO,False,0,xddot,3,0.5,0.00651198763675778,8.536522231696304e-05,8.536522243316385e-05,0.9902708679639375,-4167.05105892351,-0.333609 thetaddot -0.000000 y thetaddot +0.061169 cos(theta)
Hybrid,Full,LASSO,False,1,yddot,2,0.5,0.15182750136815543,0.06698911643154919,0.49952767755094035,-0.3229134927557433,-4167.05105892351,+0.019899 x^2 +0.308126 x thetaddot
Hybrid,Full,LASSO,False,2,thetaddot,2,0.5,0.15685295061579158,1.3696009294021093e-07,1.369601209539498e-07,0.9999907770494779,-4167.05105892351,-0.355667 xddot +0.029872 x thetadot
Hybrid,Full,Ridge,False,0,xddot,62,0.5,8.492473920076122e-06,0.0050890146111727454,0.004990193878169552,0.4312642345157077,-1318.1695340511149,-0.356750 x -0.229969 y +0.209913 theta +0.027149 xdot -0.046119 ydot +0.012174 thetadot -0.409737 yddot -0.172046 thetaddot -0.251317 x^2 -0.636449 x y +0.123711 x theta -0.312574 x xdot +0.154280 x ydot +0.226741 x thetadot +0.206635 x yddot -0.124232 x thetaddot +0.053355 y^2 -0.096897 y theta +0.228458 y xdot +0.007050 y ydot -0.196944 y thetadot +0.216461 y yddot -0.172046 y thetaddot +0.047523 theta^2 +0.146809 theta xdot +0.235970 theta ydot -0.064521 theta thetadot +0.343292 theta yddot +0.064429 theta thetaddot +0.467008 xdot^2 -0.341793 xdot ydot -0.313319 xdot thetadot +0.028648 xdot yddot -0.058796 xdot thetaddot -0.266672 ydot^2 -0.386584 ydot thetadot +0.079093 ydot yddot -0.007391 ydot thetaddot -0.455487 thetadot^2 -0.104642 thetadot yddot -0.039478 thetadot thetaddot -0.078720 yddot^2 +0.001676 yddot thetaddot +0.177973 thetaddot^2 -0.008407 sin(theta) +0.233274 cos(theta) +0.393534 sin(theta) x -0.015848 sin(theta) y -0.015276 sin(theta) theta -0.268901 sin(theta) xdot -0.158206 sin(theta) ydot -0.144101 sin(theta) thetadot -0.270502 sin(theta) yddot +0.094643 sin(theta) thetaddot -0.419748 cos(theta) x -0.200061 cos(theta) y +0.034915 cos(theta) theta -0.217914 cos(theta) xdot +0.137201 cos(theta) ydot +0.234678 cos(theta) thetadot -0.202335 cos(theta) yddot +0.224972 cos(theta) thetaddot
Hybrid,Full,Ridge,False,1,yddot,62,0.5,0.004387080456467439,0.45025182806296227,0.10498605003951111,0.7219624289302057,-1318.1695340511149,+0.018260 x -0.504694 y -0.197528 theta -0.003695 xdot -0.013850 ydot -0.076114 thetadot -0.582036 xddot -0.411525 thetaddot -0.066285 x^2 -0.256246 x y +0.008955 x theta +0.337749 x xdot +0.159916 x ydot -0.123818 x thetadot -0.240815 x xddot +1.806403 x thetaddot -0.057108 y^2 -0.351233 y theta -0.184304 y xdot +0.004682 y ydot -0.429860 y thetadot -0.322541 y xddot -0.411525 y thetaddot +0.042239 theta^2 +0.227710 theta xdot +0.254662 theta ydot -0.498509 theta thetadot -1.556493 theta xddot +0.104713 theta thetaddot +0.098706 xdot^2 +0.137585 xdot ydot -0.028784 xdot thetadot -1.035975 xdot xddot -0.055661 xdot thetaddot -0.342646 ydot^2 +0.212106 ydot thetadot +0.021171 ydot xddot +0.085887 ydot thetaddot -0.276984 thetadot^2 -0.010328 thetadot xddot +0.797128 thetadot thetaddot -0.069168 xddot^2 -0.065758 xddot thetaddot +0.065756 thetaddot^2 +0.151446 sin(theta) +1.383992 cos(theta) +0.151304 sin(theta) x +0.187458 sin(theta) y +0.351378 sin(theta) theta +0.248374 sin(theta) xdot -0.192972 sin(theta) ydot -0.319045 sin(theta) thetadot -0.381448 sin(theta) xddot -0.080279 sin(theta) thetaddot -0.071873 cos(theta) x -0.473340 cos(theta) y -0.229444 cos(theta) theta +0.063295 cos(theta) xdot +0.289362 cos(theta) ydot -0.145248 cos(theta) thetadot -0.049623 cos(theta) xddot -0.050615 cos(theta) thetaddot
Hybrid,Full,Ridge,False,2,thetaddot,62,0.5,3.635582846051578e-05,0.005330377242322268,0.00856322064955092,0.4233492215784084,-1318.1695340511149,+0.036400 x +0.026176 y +0.011990 theta +0.083458 xdot +0.058117 ydot -0.003503 thetadot -0.828250 xddot +0.144483 yddot +0.037712 x^2 -0.100785 x y +0.003958 x theta -0.033612 x xdot -0.005760 x ydot -0.014932 x thetadot -0.026190 x xddot +0.073339 x yddot -0.038187 y^2 -0.003829 y theta +0.014676 y xdot +0.007170 y ydot +0.032264 y thetadot -0.055302 y xddot +0.033182 y yddot -0.008936 theta^2 +0.060227 theta xdot -0.027842 theta ydot +0.016443 theta thetadot -0.084116 theta xddot -0.055253 theta yddot -0.079864 xdot^2 +0.026171 xdot ydot +0.028788 xdot thetadot -0.027029 xdot xddot -0.153182 xdot yddot -0.014063 ydot^2 +0.048572 ydot thetadot -0.021786 ydot xddot +0.046053 ydot yddot +0.015637 thetadot^2 +0.030799 thetadot xddot +0.037446 thetadot yddot +0.039209 xddot^2 -0.443597 xddot yddot +0.191821 yddot^2 -0.052882 sin(theta) -0.253250 cos(theta) +0.073093 sin(theta) x +0.013633 sin(theta) y +0.002685 sin(theta) theta +0.078019 sin(theta) xdot +0.025125 sin(theta) ydot -0.006878 sin(theta) thetadot +0.096293 sin(theta) xddot -0.003166 sin(theta) yddot -0.029662 cos(theta) x +0.023259 cos(theta) y +0.041267 cos(theta) theta +0.025369 cos(theta) xdot -0.010474 cos(theta) ydot -0.069225 cos(theta) thetadot -0.045519 cos(theta) xddot -0.153112 cos(theta) yddot
Hybrid,Full,ElasticNet,False,0,xddot,31,0.01,0.00020663916117001212,0.00042587147897564303,0.0014211986117961411,0.8380250346742883,-3580.104080168449,-0.096577 x +0.024269 ydot -0.052858 yddot -0.308782 thetaddot -0.159922 x y +0.062952 x ydot +0.187296 x thetadot -0.064895 x thetaddot -0.130691 y^2 +0.129308 y xdot +0.018853 y ydot -0.314168 y thetaddot +0.128778 xdot^2 -0.105641 xdot yddot -0.069177 ydot^2 -0.022654 ydot thetadot -0.027083 ydot yddot -0.116236 thetadot^2 +0.059863 yddot^2 +0.002423 yddot thetaddot +0.302169 cos(theta) +0.203407 sin(theta) x -0.086880 sin(theta) y +0.021683 sin(theta) ydot -0.195984 sin(theta) yddot -0.243235 cos(theta) y +0.068303 cos(theta) theta -0.173412 cos(theta) xdot +0.151300 cos(theta) ydot -0.328931 cos(theta) yddot +0.031821 cos(theta) thetaddot
Hybrid,Full,ElasticNet,False,1,yddot,30,0.01,0.009933043341074371,0.024103764312791855,0.5901328908241845,-0.5628658808613316,-3580.104080168449,-0.096195 y -0.029490 xdot +0.000922 ydot -0.016951 xddot +0.023095 thetaddot +0.214801 x^2 -0.057728 x theta -0.121984 x xdot -0.014818 x ydot +0.153090 x thetadot +0.246165 x thetaddot +0.017407 y ydot +0.031896 y thetaddot +0.013189 theta xdot -0.080971 theta thetadot +0.124998 xdot thetaddot -0.049519 ydot^2 +0.010787 ydot thetadot +0.013763 ydot thetaddot -0.022090 thetadot thetaddot -0.046326 xddot^2 +0.066671 cos(theta) -0.202518 sin(theta) x +0.140587 sin(theta) theta +0.082159 sin(theta) xdot -0.136649 sin(theta) thetadot -0.039682 sin(theta) xddot +0.084536 sin(theta) thetaddot +0.001191 cos(theta) ydot -0.367505 cos(theta) thetaddot
Hybrid,Full,ElasticNet,False,2,thetaddot,16,0.01,0.0006066160138082006,1.4763164296869451e-06,1.3084129388615256e-06,0.9999118909379345,-3580.104080168449,+0.007686 x -0.761670 xddot +0.008515 x^2 +0.035278 x y +0.000618 x yddot -0.209614 y xddot +0.010010 theta xdot -0.000202 theta ydot -0.070353 thetadot xddot -0.470625 xddot yddot -0.102188 cos(theta) +0.015612 sin(theta) xddot -0.006182 cos(theta) x -0.007192 cos(theta) y +0.007483 cos(theta) ydot -0.109123 cos(theta) yddot
Hybrid,Full,SR3_L0,False,0,xddot,52,0.01,0.00030059948038241703,0.03285910220688983,0.052202379627846233,-4.949540451248975,-975.3998134822687,-3.578 x + -0.706 y + -4.452 theta + -3.855 xdot +  0.338 ydot + -2.484 thetadot +  0.648 yddot + -42615.941 thetaddot +  5.537 x^2 +  1.044 x y +  22.364 x theta +  17.196 x xdot +  0.167 x ydot +  11.017 x thetadot +  0.841 x yddot + -6.153 x thetaddot +  0.324 y theta + -0.706 y xdot + -0.600 y thetadot +  42616.982 y thetaddot +  18.443 theta^2 +  17.765 theta xdot +  0.389 theta ydot +  10.294 theta thetadot +  1.083 theta yddot + -5.990 theta thetaddot + -1.519 xdot^2 +  0.623 xdot ydot + -5.679 xdot thetadot + -0.290 xdot yddot + -0.545 xdot thetaddot + -0.207 ydot^2 +  0.267 ydot thetadot +  0.183 ydot yddot + -3.141 thetadot^2 + -0.748 thetadot yddot +  0.856 yddot^2 +  0.730 sin(theta) +  1.505 cos(theta) + -1.460 sin(theta) x + -0.206 sin(theta) y + -2.096 sin(theta) theta + -0.772 sin(theta) xdot + -0.286 sin(theta) ydot + -0.338 sin(theta) thetadot + -0.567 sin(theta) yddot +  0.399 sin(theta) thetaddot + -3.760 cos(theta) x + -3.651 cos(theta) theta +  2.333 cos(theta) xdot +  2.616 cos(theta) thetadot + -0.199 cos(theta) thetaddot
Hybrid,Full,SR3_L0,False,1,yddot,59,0.01,0.0031364293591720853,3.7618146299443325,2.3676411951297043,-5.270292165586778,-975.3998134822687, 26.844 x + -1.931 y +  43.202 theta + -36.994 xdot +  1.567 ydot + -33.341 thetadot + -10.422 xddot + -8402227.556 thetaddot + -177.381 x^2 +  6.105 x y + -384.140 x theta +  100.408 x xdot + -0.393 x ydot +  83.684 x thetadot +  34.564 x xddot +  45.212 x thetaddot +  0.534 y^2 +  1.315 y theta + -17.659 y xdot + -0.590 y ydot + -14.236 y thetadot +  7.388 y xddot +  8402221.633 y thetaddot + -211.273 theta^2 +  109.434 theta xdot +  90.536 theta thetadot +  33.074 theta xddot +  41.087 theta thetaddot + -5.268 xdot^2 + -6.056 xdot ydot + -10.328 xdot thetadot +  14.796 xdot xddot +  11.409 xdot thetaddot +  0.225 ydot^2 + -5.606 ydot thetadot + -1.171 ydot xddot + -0.216 ydot thetaddot + -7.069 thetadot^2 +  18.532 thetadot xddot +  12.673 thetadot thetaddot + -6.738 xddot^2 + -163818.208 xddot thetaddot + -163811.309 thetaddot^2 + -11.023 sin(theta) + -5.686 cos(theta) +  39.399 sin(theta) x + -0.633 sin(theta) y +  39.654 sin(theta) theta + -16.053 sin(theta) xdot + -15.355 sin(theta) thetadot +  3.142 sin(theta) xddot +  1.999 sin(theta) thetaddot + -3.316 cos(theta) x +  0.284 cos(theta) y + -5.268 cos(theta) theta + -10.310 cos(theta) xdot + -13.838 cos(theta) thetadot +  10.357 cos(theta) xddot +  11.692 cos(theta) thetaddot
Hybrid,Full,SR3_L0,False,2,thetaddot,36,0.01,0.007208577965699091,0.0016487663560031897,0.01140691462654534,0.23185370691914042,-975.3998134822687,-0.954 theta + -0.739 thetadot + -0.873 xddot +  0.767 yddot +  8.972 x^2 +  22.348 x theta +  1.304 x xdot +  2.185 x thetadot +  0.300 x yddot +  1.080 y xdot +  1.275 y thetadot + -0.499 y xddot +  14.493 theta^2 +  2.352 theta xdot +  2.856 theta thetadot +  0.323 theta yddot +  0.724 xdot ydot + -0.703 xdot thetadot + -1.343 xdot xddot + -1.282 xdot yddot +  0.620 ydot thetadot + -0.850 thetadot^2 + -1.328 thetadot xddot + -1.062 thetadot yddot + -0.469 xddot yddot +  0.945 yddot^2 +  0.914 cos(theta) + -1.995 sin(theta) x + -2.220 sin(theta) theta +  1.779 sin(theta) xdot +  1.538 sin(theta) thetadot + -0.179 sin(theta) yddot + -1.092 cos(theta) x + -1.009 cos(theta) theta +  1.447 cos(theta) xdot +  1.576 cos(theta) thetadot
Hybrid,Full+λ,STLSQ,True,0,xddot,38,0.1,5.89872671586113e-06,0.0006251863651377546,0.0009820186304070272,0.8880786736708428,-4416.8397757547045,-0.830 x + -0.116 y +  0.213 theta + -0.472 thetadot + -0.521 yddot + -252266.672 thetaddot +  0.037 x^2 + -0.201 x y + -2.614 x xdot + -1.419 x thetadot + -0.049 y theta +  0.315 y xdot +  252266.973 y thetaddot + -0.061 theta^2 + -2.214 theta xdot +  0.173 theta ydot + -2.170 theta thetadot + -3.088 xdot^2 +  0.317 xdot ydot + -7.385 xdot thetadot +  0.227 xdot yddot + -0.064 ydot^2 +  0.050 ydot thetadot + -3.735 thetadot^2 + -0.561 yddot^2 +  0.177 thetaddot^2 +  0.657 sin(theta) x + -0.017 sin(theta) y + -1.215 sin(theta) xdot + -0.127 sin(theta) ydot + -0.848 sin(theta) thetadot +  0.322 sin(theta) thetaddot + -0.536 cos(theta) x + -0.215 cos(theta) theta + -0.896 cos(theta) xdot + -0.118 cos(theta) thetadot +  0.243 cos(theta) thetaddot +  0.722 lambda_F
Hybrid,Full+λ,STLSQ,True,1,yddot,5,0.1,0.0023740090388456835,2.072276068853685e-05,0.0004088888650153155,0.9989171278772412,-4416.8397757547045, 0.224 xddot + -0.854 x xddot + -0.849 theta xddot + -0.157 xdot^2 +  0.922 lambda_N
Hybrid,Full+λ,STLSQ,True,2,thetaddot,2,0.1,0.0007214867000857561,6.825912110437785e-06,6.825912120952201e-06,0.999540340287951,-4416.8397757547045,-1.143 xddot + -0.558 xddot yddot
Hybrid,Full+λ,SR3_L1,True,0,xddot,5,0.5,0.0358831857297793,0.00035805282199062474,0.0004939260077588338,0.9437069194156515,-2558.3214105391753,-0.055 y + -64355.399 thetaddot +  7.353 x theta +  64355.165 y thetaddot +  8.230 theta^2
Hybrid,Full+λ,SR3_L1,True,1,yddot,26,0.5,1.3502597994611338,3.1664850235090074,1.885628069229858,-3.993762962911611,-2558.3214105391753,-0.042 y + -7.191 theta +  0.888 xdot + -0.177 thetadot + -413387.920 thetaddot +  39.315 x^2 +  110.018 x theta + -0.233 y xddot +  413387.591 y thetaddot +  76.664 theta^2 + -0.247 theta ydot + -0.877 theta thetadot + -0.516 xdot^2 +  0.552 xdot ydot + -0.012 ydot^2 +  0.510 ydot thetadot + -0.104 thetadot xddot + -2271.797 xddot thetaddot + -2271.743 thetaddot^2 +  2.510 cos(theta) + -8.064 sin(theta) x +  0.057 sin(theta) y + -9.238 sin(theta) theta +  0.140 cos(theta) y +  0.393 lambda_N
Hybrid,Full+λ,SR3_L1,True,2,thetaddot,1,0.5,0.2592605736163351,2.237192874019893e-05,2.2371929205064926e-05,0.9984934651436816,-2558.3214105391753,-0.133 xddot
Hybrid,Full+λ,LASSO,True,0,xddot,20,0.01,0.0004197801503672055,0.0002441077001411986,0.0011925462419877172,0.864084699638747,-4952.371046576432,-0.746117 thetaddot +0.066720 x ydot +0.035879 x thetadot -0.074320 y^2 +0.064573 y xdot +0.014250 y ydot -0.032530 y thetaddot -0.066681 xdot yddot -0.064861 ydot yddot -0.056696 thetadot^2 +0.133099 sin(theta) x -0.000200 sin(theta) y +0.038941 sin(theta) ydot -0.082508 sin(theta) yddot -0.229384 cos(theta) y -0.055251 cos(theta) xdot +0.186181 cos(theta) ydot -0.590749 cos(theta) yddot +0.045315 cos(theta) thetaddot +0.195597 lambda_F
Hybrid,Full+λ,LASSO,True,1,yddot,11,0.01,0.0017248474866740074,5.862077574214553e-05,0.0011077414346436052,0.997066336549039,-4952.371046576432,+0.005344 ydot -0.000382 x y -0.001476 y xdot +0.000679 y thetadot -0.033750 theta thetaddot +0.038592 xdot thetadot -0.111557 thetadot^2 +0.007906 sin(theta) +0.014263 sin(theta) theta +0.071806 cos(theta) xddot +0.905618 lambda_N
Hybrid,Full+λ,LASSO,True,2,thetaddot,7,0.01,0.0004205251216807651,1.9130887473229498e-07,1.9130887953878518e-07,0.9999871171818618,-4952.371046576432,-0.919480 xddot +0.021047 theta xdot -0.043835 thetadot xddot -0.456757 xddot yddot +0.054638 sin(theta) xddot -0.005668 cos(theta) xddot -0.137690 lambda_F
Hybrid,Full+λ,Ridge,True,0,xddot,64,0.5,7.366312928045493e-06,0.004224049689773553,0.003326722732868871,0.6208511640581416,-1919.3375356241304,-0.301093 x -0.325644 y +0.204902 theta +0.067341 xdot +0.025777 ydot +0.006057 thetadot -0.171310 yddot -0.043880 thetaddot -0.164454 x^2 -0.622630 x y +0.077656 x theta -0.304360 x xdot +0.186026 x ydot +0.229580 x thetadot +0.237656 x yddot -0.053831 x thetaddot +0.007310 y^2 -0.107702 y theta +0.207946 y xdot +0.020225 y ydot -0.178627 y thetadot +0.025966 y yddot -0.043880 y thetaddot +0.070022 theta^2 +0.184421 theta xdot +0.259259 theta ydot -0.104574 theta thetadot +0.305031 theta yddot +0.048763 theta thetaddot +0.436998 xdot^2 -0.371344 xdot ydot -0.326947 xdot thetadot -0.000352 xdot yddot -0.016543 xdot thetaddot -0.267277 ydot^2 -0.389780 ydot thetadot +0.169703 ydot yddot -0.017504 ydot thetaddot -0.378658 thetadot^2 -0.071322 thetadot yddot -0.010243 thetadot thetaddot -0.165932 yddot^2 +0.001864 yddot thetaddot +0.153125 thetaddot^2 +0.018446 sin(theta) +0.200238 cos(theta) +0.439872 sin(theta) x -0.023389 sin(theta) y -0.062796 sin(theta) theta -0.249046 sin(theta) xdot -0.167127 sin(theta) ydot -0.133970 sin(theta) thetadot -0.252954 sin(theta) yddot +0.192566 sin(theta) thetaddot -0.348071 cos(theta) x -0.197640 cos(theta) y +0.003321 cos(theta) theta -0.258678 cos(theta) xdot +0.138935 cos(theta) ydot +0.230020 cos(theta) thetadot -0.213247 cos(theta) yddot +0.222700 cos(theta) thetaddot -0.266954 lambda_N +0.305915 lambda_F
Hybrid,Full+λ,Ridge,True,1,yddot,64,0.5,0.0013461666919962686,0.019814113261085613,0.01208687994197161,0.9679899687662004,-1919.3375356241304,-0.011758 x +0.175160 y -0.063335 theta -0.011133 xdot +0.131591 ydot -0.013454 thetadot -0.022373 xddot -0.036231 thetaddot +0.007581 x^2 -0.050679 x y -0.019716 x theta +0.026263 x xdot -0.090121 x ydot -0.020753 x thetadot -0.016877 x xddot +0.061419 x thetaddot -0.156016 y^2 +0.039823 y theta +0.018341 y xdot +0.021693 y ydot -0.017006 y thetadot -0.078670 y xddot -0.036231 y thetaddot +0.011682 theta^2 +0.026621 theta xdot -0.115342 theta ydot -0.024366 theta thetadot -0.043267 theta xddot -0.013974 theta thetaddot -0.062947 xdot^2 +0.043395 xdot ydot +0.093849 xdot thetadot -0.042911 xdot xddot -0.019617 xdot thetaddot +0.078367 ydot^2 +0.011316 ydot thetadot -0.011620 ydot xddot +0.008153 ydot thetaddot -0.114765 thetadot^2 -0.051962 thetadot xddot +0.012042 thetadot thetaddot -0.009405 xddot^2 +0.014900 xddot thetaddot -0.014900 thetaddot^2 -0.126608 sin(theta) -0.010712 cos(theta) -0.014879 sin(theta) x +0.041350 sin(theta) y -0.028592 sin(theta) theta -0.014050 sin(theta) xdot +0.068524 sin(theta) ydot -0.039946 sin(theta) thetadot -0.098739 sin(theta) xddot -0.042068 sin(theta) thetaddot +0.000383 cos(theta) x +0.008776 cos(theta) y -0.032800 cos(theta) theta -0.011406 cos(theta) xdot -0.005929 cos(theta) ydot -0.025563 cos(theta) thetadot +0.060521 cos(theta) xddot -0.073079 cos(theta) thetaddot +0.933195 lambda_N +0.092783 lambda_F
Hybrid,Full+λ,Ridge,True,2,thetaddot,64,0.5,1.543028504624095e-05,0.0024445991908780733,0.0020515384044681472,0.8618485653571956,-1919.3375356241304,+0.064233 x +0.003038 y -0.044442 theta -0.039848 xdot -0.010449 ydot +0.054013 thetadot -0.630489 xddot +0.038352 yddot -0.025017 x^2 -0.081152 x y +0.036161 x theta +0.011970 x xdot -0.033085 x ydot -0.067060 x thetadot -0.015385 x xddot +0.032381 x yddot +0.015608 y^2 -0.006659 y theta +0.018941 y xdot +0.005705 y ydot +0.016596 y thetadot -0.049339 y xddot +0.037145 y yddot -0.036248 theta^2 -0.003537 theta xdot -0.050466 theta ydot +0.066346 theta thetadot -0.107699 theta xddot +0.020195 theta yddot -0.079520 xdot^2 +0.105023 xdot ydot +0.031299 xdot thetadot +0.069514 xdot xddot -0.054992 xdot yddot -0.009586 ydot^2 +0.109068 ydot thetadot -0.015894 ydot xddot -0.001008 ydot yddot +0.042266 thetadot^2 +0.049519 thetadot xddot -0.000569 thetadot yddot +0.026979 xddot^2 -0.473583 xddot yddot +0.096197 yddot^2 -0.058881 sin(theta) -0.124931 cos(theta) -0.066473 sin(theta) x +0.035932 sin(theta) y +0.075178 sin(theta) theta +0.028583 sin(theta) xdot +0.032423 sin(theta) ydot +0.020159 sin(theta) thetadot +0.154818 sin(theta) xddot -0.028397 sin(theta) yddot -0.040400 cos(theta) x +0.020614 cos(theta) y +0.040720 cos(theta) theta +0.043583 cos(theta) xdot -0.011600 cos(theta) ydot -0.016839 cos(theta) thetadot -0.038724 cos(theta) xddot -0.070668 cos(theta) yddot +0.000479 lambda_N -0.321331 lambda_F
Hybrid,Full+λ,ElasticNet,True,0,xddot,34,0.01,0.00020675862384350556,0.0007649141319448619,0.002352486929686606,0.7318854763138234,-3913.328346221527,-0.081173 x +0.030201 ydot -0.022036 yddot -0.246482 thetaddot -0.141860 x y +0.049933 x ydot +0.189906 x thetadot -0.011036 x thetaddot -0.141690 y^2 +0.154615 y xdot +0.016645 y ydot -0.248422 y thetaddot +0.113006 xdot^2 -0.083096 xdot yddot -0.064161 ydot^2 -0.031428 ydot thetadot -0.034668 ydot yddot -0.129704 thetadot^2 +0.049964 yddot^2 +0.002153 yddot thetaddot +0.207589 cos(theta) +0.230587 sin(theta) x -0.068027 sin(theta) y +0.019973 sin(theta) ydot -0.158176 sin(theta) yddot +0.060633 sin(theta) thetaddot -0.238811 cos(theta) y +0.014549 cos(theta) theta -0.191481 cos(theta) xdot +0.152959 cos(theta) ydot -0.400292 cos(theta) yddot +0.034998 cos(theta) thetaddot -0.000659 lambda_N +0.226038 lambda_F
Hybrid,Full+λ,ElasticNet,True,1,yddot,15,0.01,0.0015797171396643478,0.00039405249142889317,0.0028338979291338126,0.9924949067368517,-3913.328346221527,+0.001683 ydot +0.005641 xddot +0.007794 x thetadot +0.013165 y ydot +0.014945 y thetadot +0.000748 theta ydot -0.032826 theta thetaddot +0.051348 xdot thetadot -0.100779 thetadot^2 +0.004813 sin(theta) +0.003991 cos(theta) +0.032793 sin(theta) theta +0.075627 cos(theta) xddot -0.022775 cos(theta) thetaddot +0.872664 lambda_N
Hybrid,Full+λ,ElasticNet,True,2,thetaddot,13,0.01,0.0004335948093216134,6.683954259750552e-06,6.683954219213864e-06,0.9995498997910738,-3913.328346221527,-0.663578 xddot +0.016031 x y +0.002444 y xdot -0.146752 y xddot +0.010781 theta xdot +0.047885 xdot xddot +0.000407 ydot thetadot -0.025671 thetadot xddot -0.439717 xddot yddot -0.006277 sin(theta) x +0.095698 sin(theta) xddot -0.023797 cos(theta) xddot -0.226297 lambda_F
Hybrid,Full+λ,SR3_L0,True,0,xddot,25,0.5,0.013020970651150461,0.018895261081122244,0.018895261040966695,-1.1535056582013197,-1212.9214503421465,-4.870 x + -5.886 theta + -2.501 xdot + -1.375 thetadot + -64369.765 thetaddot +  8.103 x^2 +  28.516 x theta +  13.438 x xdot +  8.426 x thetadot + -5.756 x thetaddot +  64370.799 y thetaddot +  21.693 theta^2 +  14.728 theta xdot +  8.010 theta thetadot + -5.514 theta thetaddot + -2.970 xdot thetadot + -1.800 thetadot^2 +  1.288 sin(theta) +  1.203 cos(theta) + -2.397 sin(theta) x + -3.392 sin(theta) theta + -3.584 cos(theta) x + -3.240 cos(theta) theta +  1.928 cos(theta) xdot +  2.373 cos(theta) thetadot
Hybrid,Full+λ,SR3_L0,True,1,yddot,37,0.5,0.35032484670043607,3.510888662372369,2.065660678484154,-4.470548491766002,-1212.9214503421465,-11.546 x + -1.171 y + -18.003 theta +  9.153 xdot +  1.019 ydot +  9.001 thetadot + -1.966 xddot + -413403.390 thetaddot +  48.179 x^2 +  132.096 x theta + -10.905 x xdot + -20.945 x thetadot +  7.345 x xddot +  1.785 x thetaddot +  4.765 y xdot +  5.218 y thetadot + -1.832 y xddot +  413402.120 y thetaddot +  90.788 theta^2 + -13.936 theta thetadot +  8.203 theta xddot +  2.490 theta thetaddot +  4.285 xdot^2 +  2.634 xdot ydot + -1.472 xdot thetadot +  2.132 ydot thetadot + -3.774 thetadot^2 + -2286.770 xddot thetaddot + -2286.769 thetaddot^2 +  2.926 sin(theta) +  5.208 cos(theta) + -11.870 sin(theta) x + -14.522 sin(theta) theta +  7.391 sin(theta) xdot +  6.613 sin(theta) thetadot + -11.648 cos(theta) x + -12.122 cos(theta) theta
Hybrid,Full+λ,SR3_L0,True,2,thetaddot,11,0.5,0.16767226286084116,0.0017220776483190306,0.0017220776456872066,0.8840345875076772,-1212.9214503421465, 2.067 xdot +  2.269 thetadot +  2.681 x^2 +  6.101 x theta + -4.548 x xdot + -5.694 x thetadot + -1.609 x xddot +  3.550 theta^2 + -4.523 theta xdot + -5.818 theta thetadot + -1.712 theta xddot
Hybrid,UC,STLSQ,False,0,xddot,6,0.05,2.686212908301406e-05,4.8352038492097834e-08,4.8352035956856006e-08,0.9999944892858166,-4536.315718004919, 0.454 cos(theta) + -0.273 thetaddot + -0.053 sin(theta) thetaddot +  0.635 cos(theta) thetadot^2 +  0.352 cos(theta) yddot +  0.090 cos(theta) thetaddot
Hybrid,UC,STLSQ,False,1,yddot,11,0.05,0.05240496562700232,0.018645047928178976,1.0718535728750875,-1.8386205960936053,-4536.315718004919, 0.401 sin(theta) + -0.131 cos(theta) +  0.179 thetadot^2 + -0.059 xddot +  0.083 thetaddot +  0.726 sin(theta) cos(theta) + -0.571 sin(theta) xddot + -0.194 sin(theta) thetaddot +  0.184 cos(theta) thetadot^2 + -0.437 cos(theta) xddot + -0.994 cos(theta) thetaddot
Hybrid,UC,STLSQ,False,2,thetaddot,7,0.05,0.002818593049765393,5.882173227198408e-05,5.88217318897844e-05,0.9960389205334643,-4536.315718004919,-1.581 cos(theta) +  0.281 thetadot^2 +  0.258 sin(theta) thetadot^2 +  0.333 sin(theta) xddot +  0.089 cos(theta) thetadot^2 + -0.177 cos(theta) xddot + -1.243 cos(theta) yddot
Hybrid,UC,SR3_L1,False,0,xddot,11,0.01,3.309986647191374e-05,2.701163744754989e-08,8.328942053710643e-09,0.9999990507448507,-4929.961087941424,-0.002 sin(theta) +  0.474 cos(theta) +  0.007 thetadot^2 +  0.001 yddot + -0.248 thetaddot + -0.005 sin(theta) cos(theta) +  0.004 sin(theta) thetadot^2 + -0.044 sin(theta) thetaddot +  0.616 cos(theta) thetadot^2 +  0.359 cos(theta) yddot +  0.086 cos(theta) thetaddot
Hybrid,UC,SR3_L1,False,1,yddot,11,0.01,0.05255495173898437,0.01669675829542321,1.0537020537000397,-1.7905494066283598,-4929.961087941424, 0.391 sin(theta) + -0.121 cos(theta) +  0.179 thetadot^2 + -0.055 xddot +  0.072 thetaddot +  0.717 sin(theta) cos(theta) + -0.560 sin(theta) xddot + -0.183 sin(theta) thetaddot +  0.179 cos(theta) thetadot^2 + -0.434 cos(theta) xddot + -0.987 cos(theta) thetaddot
Hybrid,UC,SR3_L1,False,2,thetaddot,9,0.01,0.0027861281978123977,7.750696937747522e-06,0.000848411117700988,0.9428676485792219,-4929.961087941424,-1.635 cos(theta) +  0.328 thetadot^2 +  0.049 xddot +  0.027 yddot +  0.300 sin(theta) thetadot^2 +  0.318 sin(theta) xddot +  0.035 cos(theta) thetadot^2 + -0.201 cos(theta) xddot + -1.282 cos(theta) yddot
Hybrid,UC,LASSO,False,0,xddot,5,0.01,4.101415608110798e-05,2.939792446972237e-07,2.9397925158087764e-07,0.9999664949862137,-4277.135264469546,+0.022033 cos(theta) -0.580489 thetaddot -0.114181 sin(theta) thetaddot +0.586159 cos(theta) thetadot^2 +0.094022 cos(theta) thetaddot
Hybrid,UC,LASSO,False,1,yddot,10,0.01,0.05475039657278689,0.012417655739075854,1.0070763387179533,-1.667069186750262,-4277.135264469546,+0.339939 sin(theta) -0.050857 cos(theta) +0.074910 thetaddot +0.549185 sin(theta) cos(theta) -0.103907 sin(theta) thetadot^2 -0.346102 sin(theta) xddot -0.109414 sin(theta) thetaddot +0.118842 cos(theta) thetadot^2 -0.235264 cos(theta) xddot -0.875679 cos(theta) thetaddot
Hybrid,UC,LASSO,False,2,thetaddot,8,0.01,0.005172743506404691,8.288197990319179e-05,3.089667511008289e-05,0.997919405270282,-4277.135264469546,-1.364552 cos(theta) -0.030513 xddot -0.003825 yddot -0.001230 sin(theta) cos(theta) +0.000505 sin(theta) thetadot^2 +0.261754 sin(theta) xddot -0.054086 cos(theta) xddot -1.089184 cos(theta) yddot
Hybrid,UC,Ridge,False,0,xddot,12,0.01,2.484683036988551e-05,3.5584656112395593e-07,1.1758711975447357e-05,0.9986598516571227,-4050.3910084561817,-0.011925 sin(theta) +0.484577 cos(theta) +0.017522 thetadot^2 +0.011140 yddot -0.256838 thetaddot -0.014885 sin(theta) cos(theta) +0.014138 sin(theta) thetadot^2 -0.007566 sin(theta) yddot -0.054149 sin(theta) thetaddot +0.625866 cos(theta) thetadot^2 +0.369647 cos(theta) yddot +0.096015 cos(theta) thetaddot
Hybrid,UC,Ridge,False,1,yddot,12,0.01,0.05240451503645321,0.018612801017906383,1.0715643122066778,-1.8378545387591272,-4050.3910084561817,+0.401388 sin(theta) -0.131242 cos(theta) +0.190783 thetadot^2 -0.068681 xddot +0.080696 thetaddot +0.727199 sin(theta) cos(theta) +0.010641 sin(theta) thetadot^2 -0.570245 sin(theta) xddot -0.192988 sin(theta) thetaddot +0.191269 cos(theta) thetadot^2 -0.444805 cos(theta) xddot -0.997595 cos(theta) thetaddot
Hybrid,UC,Ridge,False,2,thetaddot,12,0.01,0.0026797600120322877,0.0001736142603279839,0.0017157979880327236,0.884457462220694,-4050.3910084561817,-0.003413 sin(theta) -1.643779 cos(theta) +0.338025 thetadot^2 +0.057599 xddot +0.036966 yddot -0.004865 sin(theta) cos(theta) +0.310816 sin(theta) thetadot^2 +0.328168 sin(theta) xddot +0.009558 sin(theta) yddot +0.046554 cos(theta) thetadot^2 -0.211515 cos(theta) xddot -1.291081 cos(theta) yddot
Hybrid,UC,ElasticNet,False,0,xddot,7,0.01,3.663860595160755e-05,2.9774876534776637e-07,1.2375480009125367e-07,0.9999858955818791,-4164.31552723454,+0.024669 cos(theta) +0.001816 thetadot^2 -0.580563 thetaddot -0.001081 sin(theta) yddot -0.120144 sin(theta) thetaddot +0.589864 cos(theta) thetadot^2 +0.099324 cos(theta) thetaddot
Hybrid,UC,ElasticNet,False,1,yddot,10,0.01,0.053582355443278024,0.01421477425411269,1.0280999021760244,-1.7227464935630614,-4164.31552723454,+0.359109 sin(theta) -0.083119 cos(theta) +0.076686 thetaddot +0.598806 sin(theta) cos(theta) -0.121725 sin(theta) thetadot^2 -0.410298 sin(theta) xddot -0.141697 sin(theta) thetaddot +0.136609 cos(theta) thetadot^2 -0.255885 cos(theta) xddot -0.883575 cos(theta) thetaddot
Hybrid,UC,ElasticNet,False,2,thetaddot,9,0.01,0.0057293230390604325,0.00014560791331767547,8.63380666840394e-05,0.9941859593021958,-4164.31552723454,-0.981223 cos(theta) -0.469486 xddot -0.018828 yddot -0.022317 sin(theta) cos(theta) +0.002204 sin(theta) thetadot^2 +0.264241 sin(theta) xddot +0.269386 cos(theta) thetadot^2 -0.069490 cos(theta) xddot -0.800724 cos(theta) yddot
Hybrid,UC,SR3_L0,False,0,xddot,2,0.1,0.0029757356589723777,5.57292794030175e-06,5.5729279021138084e-06,0.9993648496443669,-4028.0566796691546, 0.465 cos(theta) +  0.626 cos(theta) thetadot^2
Hybrid,UC,SR3_L0,False,1,yddot,3,0.1,0.14189391400268825,0.016158874676938068,0.7072756580399536,-0.8730984351179127,-4028.0566796691546, 0.724 sin(theta) cos(theta) + -0.570 sin(theta) xddot + -0.993 cos(theta) thetaddot
Hybrid,UC,SR3_L0,False,2,thetaddot,2,0.1,0.039150535127290435,2.1969221789027915e-05,2.196922172990898e-05,0.9985205836296496,-4028.0566796691546,-1.655 cos(theta) + -1.300 cos(theta) yddot
Hybrid,UC+λ,STLSQ,True,0,xddot,3,0.05,1.5928229655350152e-14,1.3238701640530555e-17,1.323774520437506e-17,0.9999999999999984,-8924.71767538946, 0.142 sin(theta) thetaddot +  0.621 cos(theta) thetadot^2 +  0.580 lambda_F
Hybrid,UC+λ,STLSQ,True,1,yddot,2,0.05,0.0016859362987998818,3.263679187522467e-05,0.0015197690940864442,0.995975151866865,-8924.71767538946, 0.169 sin(theta) thetadot^2 +  0.981 lambda_N
Hybrid,UC+λ,STLSQ,True,2,thetaddot,10,0.05,0.0012319944323678576,2.7308790545774314e-05,0.0002862394187408236,0.9807245205528488,-8924.71767538946,-1.080 cos(theta) +  0.127 thetadot^2 + -2.168 xddot +  0.072 yddot +  0.086 sin(theta) thetadot^2 +  1.273 cos(theta) thetadot^2 + -0.107 cos(theta) xddot + -0.856 cos(theta) yddot + -0.079 lambda_N +  1.027 lambda_F
Hybrid,UC+λ,SR3_L1,True,0,xddot,3,0.01,6.3299259239112595e-06,1.0613586796927408e-07,1.061358683039818e-07,0.9999879036234305,-5298.501358837164, 0.131 sin(theta) thetaddot +  0.611 cos(theta) thetadot^2 +  0.569 lambda_F
Hybrid,UC+λ,SR3_L1,True,1,yddot,8,0.01,0.0016251432123006858,3.364915661996266e-05,2.861922352913052e-05,0.9999242068885061,-5298.501358837164,-0.002 thetadot^2 + -128.058 xddot +  0.147 sin(theta) thetadot^2 +  18.116 sin(theta) thetaddot +  79.515 cos(theta) thetadot^2 + -0.037 cos(theta) thetaddot +  0.936 lambda_N +  74.278 lambda_F
Hybrid,UC+λ,SR3_L1,True,2,thetaddot,13,0.01,0.0010995836910841308,9.224148579590734e-05,0.0005600857911222076,0.9622835939127142,-5298.501358837164,-1.251 cos(theta) +  0.145 thetadot^2 + -1.704 xddot +  0.104 yddot +  0.050 sin(theta) cos(theta) +  0.090 sin(theta) thetadot^2 +  0.033 sin(theta) xddot + -0.016 sin(theta) yddot +  1.045 cos(theta) thetadot^2 + -0.116 cos(theta) xddot + -0.971 cos(theta) yddot + -0.126 lambda_N +  0.833 lambda_F
Hybrid,UC+λ,LASSO,True,0,xddot,4,0.01,1.1808782254342891e-05,1.2160625400588603e-06,1.2160625478818147e-06,0.9998614045303786,-5038.276453399299,-0.289354 thetaddot +0.607867 cos(theta) thetadot^2 +0.040718 cos(theta) thetaddot +0.296877 lambda_F
Hybrid,UC+λ,LASSO,True,1,yddot,3,0.01,0.0014791527013402258,1.9618813605703328e-05,2.6231853561286274e-05,0.999930529428947,-5038.276453399299,+0.155032 sin(theta) thetadot^2 -0.044984 cos(theta) thetaddot +0.937387 lambda_N
Hybrid,UC+λ,LASSO,True,2,thetaddot,7,0.01,0.005139681408131071,8.964427220055742e-05,1.3394326017508638e-05,0.9990980206115752,-5038.276453399299,-1.367444 cos(theta) -0.028211 xddot +0.262262 sin(theta) xddot -0.000548 sin(theta) yddot -0.052648 cos(theta) xddot -1.091378 cos(theta) yddot -0.007118 lambda_N
Hybrid,UC+λ,Ridge,True,0,xddot,14,0.01,2.472588734390419e-11,1.4319344045681201e-13,1.5680227778221937e-11,0.9999999982129139,-7170.854515529,-0.000011 sin(theta) +0.000401 cos(theta) +0.000018 thetadot^2 -0.000045 yddot -0.000315 thetaddot -0.000031 sin(theta) cos(theta) +0.000025 sin(theta) thetadot^2 -0.000001 sin(theta) yddot +0.141291 sin(theta) thetaddot +0.620953 cos(theta) thetadot^2 +0.000296 cos(theta) yddot +0.000093 cos(theta) thetaddot +0.000060 lambda_N +0.579444 lambda_F
Hybrid,UC+λ,Ridge,True,1,yddot,14,0.01,0.0014210775411395479,4.7651862047320376e-05,4.176389072974311e-05,0.9998893954889002,-7170.854515529,-0.003973 sin(theta) +0.002687 cos(theta) -0.011884 thetadot^2 +0.002599 xddot +0.006097 thetaddot -0.004667 sin(theta) cos(theta) +0.156852 sin(theta) thetadot^2 +0.004139 sin(theta) xddot +0.004097 sin(theta) thetaddot -0.002804 cos(theta) thetadot^2 +0.004460 cos(theta) xddot -0.047483 cos(theta) thetaddot +0.946025 lambda_N +0.006536 lambda_F
Hybrid,UC+λ,Ridge,True,2,thetaddot,14,0.01,0.0009786198879648243,0.0001434212560193356,0.0002919929150044022,0.9803370777629433,-7170.854515529,-0.003630 sin(theta) -1.263105 cos(theta) +0.155700 thetadot^2 -1.709760 xddot +0.116170 yddot +0.060286 sin(theta) cos(theta) +0.100248 sin(theta) thetadot^2 +0.043155 sin(theta) xddot -0.025739 sin(theta) yddot +1.052688 cos(theta) thetadot^2 -0.125864 cos(theta) xddot -0.982514 cos(theta) yddot -0.137564 lambda_N +0.841587 lambda_F
Hybrid,UC+λ,ElasticNet,True,0,xddot,7,0.01,8.20404409263184e-06,5.475415301378107e-07,5.475415346851716e-07,0.9999375963216127,-4942.566732080712,+0.009800 cos(theta) -0.262171 thetaddot -0.005349 sin(theta) cos(theta) +0.015242 sin(theta) thetaddot +0.601099 cos(theta) thetadot^2 +0.038394 cos(theta) thetaddot +0.323119 lambda_F
Hybrid,UC+λ,ElasticNet,True,1,yddot,4,0.01,0.0014613411436727541,4.194189721080926e-05,0.0001271644633111501,0.9996632267001938,-4942.566732080712,-0.008208 thetadot^2 +0.150834 sin(theta) thetadot^2 -0.056510 cos(theta) thetaddot +0.929268 lambda_N
Hybrid,UC+λ,ElasticNet,True,2,thetaddot,8,0.01,0.005725758088743596,0.00016470771677047437,0.00010421727160821354,0.9929819663351775,-4942.566732080712,-0.982407 cos(theta) -0.468793 xddot -0.021082 sin(theta) cos(theta) +0.263772 sin(theta) xddot +0.269580 cos(theta) thetadot^2 -0.069735 cos(theta) xddot -0.801365 cos(theta) yddot -0.019283 lambda_N
Hybrid,UC+λ,SR3_L0,True,0,xddot,3,0.01,2.776714798647049e-14,3.195535953944664e-16,3.1954888178484975e-16,0.9999999999999636,-7242.619933836544, 0.142 sin(theta) thetaddot +  0.621 cos(theta) thetadot^2 +  0.580 lambda_F
Hybrid,UC+λ,SR3_L0,True,1,yddot,6,0.01,0.002126875053744492,0.000277939206819951,0.0002662606786775256,0.9992948541987908,-7242.619933836544,-128.458 xddot +  0.157 sin(theta) thetadot^2 +  18.181 sin(theta) thetaddot +  79.768 cos(theta) thetadot^2 +  0.946 lambda_N +  74.514 lambda_F
Hybrid,UC+λ,SR3_L0,True,2,thetaddot,6,0.01,0.014233511051083543,0.009852208229238626,0.009852208233155487,0.3365482708753198,-7242.619933836544,-1.258 cos(theta) +  0.151 thetadot^2 + -1.725 xddot +  1.061 cos(theta) thetadot^2 + -0.979 cos(theta) yddot +  0.848 lambda_F
